country,countryname,oecdmember,eumember,edate,date,party,partyname,partyabbrev,parfam,coderid,manual,coderyear,testresult,testeditsim,pervote,voteest,presvote,absseat,totseats,progtype,datasetorigin,corpusversion,total,peruncod,per101,per102,per103,per104,per105,per106,per107,per108,per109,per110,per201,per202,per203,per204,per301,per302,per303,per304,per305,per401,per402,per403,per404,per405,per406,per407,per408,per409,per410,per411,per412,per413,per414,per415,per416,per501,per502,per503,per504,per505,per506,per507,per601,per602,per603,per604,per605,per606,per607,per608,per701,per702,per703,per704,per705,per706,per1011,per1012,per1013,per1014,per1015,per1016,per1021,per1022,per1023,per1024,per1025,per1026,per1031,per1032,per1033,per2021,per2022,per2023,per2031,per2032,per2033,per2041,per3011,per3051,per3052,per3053,per3054,per3055,per4011,per4012,per4013,per4014,per4121,per4122,per4123,per4124,per4131,per4132,per5021,per5031,per5041,per5061,per6011,per6012,per6013,per6014,per6061,per6071,per6072,per6081,per7051,per7052,per7061,per7062,per103_1,per103_2,per201_1,per201_2,per202_1,per202_2,per202_3,per202_4,per305_1,per305_2,per305_3,per305_4,per305_5,per305_6,per416_1,per416_2,per601_1,per601_2,per602_1,per602_2,per605_1,per605_2,per606_1,per606_2,per607_1,per607_2,per607_3,per608_1,per608_2,per608_3,per703_1,per703_2,rile,planeco,markeco,welfare,intpeace,datasetversion,id_perm
31,France,0,0,1946-11-10,194611,31220,French Communist Party,PCF,20,106,999,1982,NA,NA,28.585,0,NA,166,544,1,10,,164,4.878,0,0,0,0,0,3.659,0,0,0.61,0,2.439,1.829,0.61,0,0,0,1.22,3.049,34.146,0,0,3.049,0,0,0,0,3.049,0,4.878,2.439,0,2.439,0,0,0,0,0,4.878,5.488,0,0.61,0,0,2.439,3.049,0,0,1.829,0,0,6.098,0,3.049,1.829,0.61,1.829,0,0,0,0,0,0,0,0,0,0,0,0,0,0,0,0,0,0,0,0,0,0,0,0,0,0,0,0,0,0,0,0,0,0,0,0,0,0,0,0,0,0,0,0,0,0,0,0,0,0,0,0,0,0,NA,NA,NA,NA,NA,NA,NA,NA,NA,NA,NA,NA,NA,NA,NA,NA,NA,NA,NA,NA,NA,NA,NA,NA,NA,NA,NA,NA,NA,NA,NA,NA,18.902,3.049,0,10.366,3.659,2021a,KTJQKG
31,France,0,0,1946-11-10,194611,31320,French Section of the Workers' International,SIFO,30,106,999,1982,NA,NA,17.872,0,NA,90,544,1,10,,464,2.802,0.431,0,0,0,1.724,1.724,4.741,0,0,0,1.293,1.724,0,0,3.233,0,3.017,0,17.241,0.431,0.647,3.879,1.509,0,0,0.216,4.526,0,2.371,4.957,2.155,3.233,1.509,0,0,0,4.526,3.879,5.819,0,7.328,0,0,0.216,1.94,0,0,0.862,0.862,0,4.741,0,2.802,0.431,2.371,0.862,0,0,0,0,0,0,0,0,0,0,0,0,0,0,0,0,0,0,0,0,0,0,0,0,0,0,0,0,0,0,0,0,0,0,0,0,0,0,0,0,0,0,0,0,0,0,0,0,0,0,0,0,0,0,NA,NA,NA,NA,NA,NA,NA,NA,NA,NA,NA,NA,NA,NA,NA,NA,NA,NA,NA,NA,NA,NA,NA,NA,NA,NA,NA,NA,NA,NA,NA,NA,-14.44,7.543,1.94,9.698,3.448,2021a,WSKKA7
31,France,0,0,1946-11-10,194611,31421,Radical Socialist Party,RRRS,40,106,999,1982,NA,NA,12.401,0,NA,55,544,1,10,,187,14.973,1.07,0,0,0,0,2.674,1.07,0,0,0,9.091,1.07,0.535,2.674,0,0,0.535,1.07,27.273,5.348,0,2.139,0,0,0,0,1.07,0,0,2.674,0,0,3.209,0,0,0,0,2.139,1.07,0,8.021,0,4.813,0,0,0,0,3.743,0,0,0.535,0,0,2.139,0,1.07,0,0,0,0,0,0,0,0,0,0,0,0,0,0,0,0,0,0,0,0,0,0,0,0,0,0,0,0,0,0,0,0,0,0,0,0,0,0,0,0,0,0,0,0,0,0,0,0,0,0,0,0,0,0,NA,NA,NA,NA,NA,NA,NA,NA,NA,NA,NA,NA,NA,NA,NA,NA,NA,NA,NA,NA,NA,NA,NA,NA,NA,NA,NA,NA,NA,NA,NA,NA,37.433,2.139,8.556000000000001,3.209,2.674,2021a,AXULXT
31,France,0,0,1946-11-10,194611,31521,Popular Republican Movement,MRP,50,106,999,1982,NA,NA,26.341,0,NA,158,544,1,10,,287,26.829,0,0,0,0,0,0,0.348,0,0,0,15.331,3.136,1.045,4.181,0,0,0,0.6970000000000001,17.77,0,0,0,0,0,0,0,0,0,0,0.6970000000000001,0,0,0,0,0,0,0,1.045,0.348,0,2.439,0,13.937,0.348,5.923,0,0,2.091,0,0,1.394,0,0.6970000000000001,1.742,0,0,0,0,0,0,0,0,0,0,0,0,0,0,0,0,0,0,0,0,0,0,0,0,0,0,0,0,0,0,0,0,0,0,0,0,0,0,0,0,0,0,0,0,0,0,0,0,0,0,0,0,0,0,0,0,NA,NA,NA,NA,NA,NA,NA,NA,NA,NA,NA,NA,NA,NA,NA,NA,NA,NA,NA,NA,NA,NA,NA,NA,NA,NA,NA,NA,NA,NA,NA,NA,48.432,0,0,1.394,0,2021a,VNYVIG
31,France,0,0,1946-11-10,194611,31621,Rally for the French People - Gaullists,RPF,60,998,998,NA,NA,NA,1.628,0,NA,5,544,3,10,,116,1.724,11.207,0,2.586,12.069,0,1.724,4.31,1.724,5.172,0,1.724,1.724,0,5.172,0,0.862,0,0,14.655,1.724,1.724,1.724,0,0,0,0,1.724,0.862,1.724,0,0,0,0,0,0,0,0.862,0.862,0,0,5.172,0,3.448,0,4.31,0,2.586,0,0,1.724,0,0,0,2.586,0,4.31,0,0,0,0,0,0,0,0,0,0,0,0,0,0,0,0,0,0,0,0,0,0,0,0,0,0,0,0,0,0,0,0,0,0,0,0,0,0,0,0,0,0,0,0,0,0,0,0,0,0,0,0,0,0,NA,NA,NA,NA,NA,NA,NA,NA,NA,NA,NA,NA,NA,NA,NA,NA,NA,NA,NA,NA,NA,NA,NA,NA,NA,NA,NA,NA,NA,NA,NA,NA,25,1.724,1.724,0.862,1.724,2021a,DQFNM3
31,France,0,0,1946-11-10,194611,31622,Republican Party of Liberty - Conservatives,PRL,60,106,999,1982,NA,NA,12.839,0,NA,70,544,1,10,,365,10.411,4.932,0,0.274,6.849,0,0.548,2.74,0,0,0,5.753,1.096,0,0,0,0,0.8220000000000001,0,7.397,5.479,0,2.466,0,0,0,0,4.11,0,1.644,6.849,0,0,4.384,0,0,0,1.918,1.644,2.466,0,4.384,0,2.466,0,7.671,0,0,1.096,0,0,1.644,0,3.562,4.658,0.274,2.466,0,0,0,0,0,0,0,0,0,0,0,0,0,0,0,0,0,0,0,0,0,0,0,0,0,0,0,0,0,0,0,0,0,0,0,0,0,0,0,0,0,0,0,0,0,0,0,0,0,0,0,0,0,0,NA,NA,NA,NA,NA,NA,NA,NA,NA,NA,NA,NA,NA,NA,NA,NA,NA,NA,NA,NA,NA,NA,NA,NA,NA,NA,NA,NA,NA,NA,NA,NA,25.479,2.466,9.863,4.11,0.548,2021a,CSKYBU
31,France,0,0,1951-06-17,195106,31220,French Communist Party,PCF,20,106,999,1982,NA,NA,26.434,0,NA,97,544,1,10,,308,3.571,0,0,0.649,0,7.143,7.792,2.273,0,10.714,0,4.545,1.948,0,0,0,0,0,0.974,26.623,0,0,0.974,0,0,0.325,0,2.597,0,0.649,0,0.649,0.974,0,0,0,0,0.325,6.818000000000001,3.571,0,1.623,0,0,3.247,0,0,0,0,0,0,2.922,0,3.896,3.896,0.974,0.325,0,0,0,0,0,0,0,0,0,0,0,0,0,0,0,0,0,0,0,0,0,0,0,0,0,0,0,0,0,0,0,0,0,0,0,0,0,0,0,0,0,0,0,0,0,0,0,0,0,0,0,0,0,0,NA,NA,NA,NA,NA,NA,NA,NA,NA,NA,NA,NA,NA,NA,NA,NA,NA,NA,NA,NA,NA,NA,NA,NA,NA,NA,NA,NA,NA,NA,NA,NA,0.325,1.623,0,10.39,14.935,2021a,2XOHOR
31,France,0,0,1951-06-17,195106,31320,French Section of the Workers' International,SIFO,30,106,999,1982,NA,NA,14.349,0,NA,94,544,1,10,,173,2.89,23.121,0,1.156,0,1.156,6.358000000000001,6.936,2.89,0,0,4.046,2.89,0.578,1.156,0.578,0,0,0,12.139,0,0,0.578,0.578,0,0,0,1.734,0,2.89,1.734,1.734,1.734,0,0,0,0,0,4.046,3.468,0,2.89,0,0,1.734,0,0,0,0,0,0,2.89,0,1.734,1.156,2.312,2.89,0,0,0,0,0,0,0,0,0,0,0,0,0,0,0,0,0,0,0,0,0,0,0,0,0,0,0,0,0,0,0,0,0,0,0,0,0,0,0,0,0,0,0,0,0,0,0,0,0,0,0,0,0,0,NA,NA,NA,NA,NA,NA,NA,NA,NA,NA,NA,NA,NA,NA,NA,NA,NA,NA,NA,NA,NA,NA,NA,NA,NA,NA,NA,NA,NA,NA,NA,NA,-15.607,2.89,0,7.514,7.514,2021a,L17ORA
31,France,0,0,1951-06-17,195106,31421,Radical Socialist Party,RRRS,40,998,998,NA,NA,NA,9.868,0,NA,77,544,3,10,,131,8.82,1.868,0,0.667,0,0,3.337,2.535,1.333,0,0,4.545,1.868,0.267,2.67,0.667,0,0.267,2.535,18.303,3.34,2,1.736,0.667,0,0,0,2.535,0,1.333,3.337,0,0,2.271,0,0,0,0,3.07,3.201,0,8.011000000000001,0,3.073,0,2,0,0,1.872,0,0,0.267,0,5.333,2.403,0,3.868,0,0,0,0,0,0,0,0,0,0,0,0,0,0,0,0,0,0,0,0,0,0,0,0,0,0,0,0,0,0,0,0,0,0,0,0,0,0,0,0,0,0,0,0,0,0,0,0,0,0,0,0,0,0,NA,NA,NA,NA,NA,NA,NA,NA,NA,NA,NA,NA,NA,NA,NA,NA,NA,NA,NA,NA,NA,NA,NA,NA,NA,NA,NA,NA,NA,NA,NA,NA,15.383,2.403,5.611,6.271,3.337,2021a,H1SYMR
31,France,0,0,1951-06-17,195106,31521,Popular Republican Movement,MRP,50,998,998,NA,NA,NA,12.388,0,NA,82,544,3,10,,216.5,15.469,2.055,0,0.685,0.685,0,1.712,0.517,2.74,0.342,0,8.693,3.965,0.523,2.776,0.342,0,0.342,0.6910000000000001,13.337,1.027,0.685,1.37,0.685,0,0,0,2.74,1.027,1.712,1.376,0.342,0,1.37,0,0,0,0.685,2.235,2.229,0,3.617,0,7.654,0.174,7.071,0,0,1.73,0,0,1.724,0,2.403,1.556,0.685,1.027,0,0,0,0,0,0,0,0,0,0,0,0,0,0,0,0,0,0,0,0,0,0,0,0,0,0,0,0,0,0,0,0,0,0,0,0,0,0,0,0,0,0,0,0,0,0,0,0,0,0,0,0,0,0,NA,NA,NA,NA,NA,NA,NA,NA,NA,NA,NA,NA,NA,NA,NA,NA,NA,NA,NA,NA,NA,NA,NA,NA,NA,NA,NA,NA,NA,NA,NA,NA,25.928,2.397,2.397,4.464,1.712,2021a,6QTLOZ
31,France,0,0,1951-06-17,195106,31621,Rally for the French People - Gaullists,RPF,60,106,999,1982,NA,NA,21.567,0,NA,107,544,1,10,,116,1.724,11.207,0,2.586,12.069,0,1.724,4.31,1.724,5.172,0,1.724,1.724,0,5.172,0,0.862,0,0,14.655,1.724,1.724,1.724,0,0,0,0,1.724,0.862,1.724,0,0,0,0,0,0,0,0.862,0.862,0,0,5.172,0,3.448,0,4.31,0,2.586,0,0,1.724,0,0,0,2.586,0,4.31,0,0,0,0,0,0,0,0,0,0,0,0,0,0,0,0,0,0,0,0,0,0,0,0,0,0,0,0,0,0,0,0,0,0,0,0,0,0,0,0,0,0,0,0,0,0,0,0,0,0,0,0,0,0,NA,NA,NA,NA,NA,NA,NA,NA,NA,NA,NA,NA,NA,NA,NA,NA,NA,NA,NA,NA,NA,NA,NA,NA,NA,NA,NA,NA,NA,NA,NA,NA,25,1.724,1.724,0.862,1.724,2021a,WJC4RE
31,France,0,0,1951-06-17,195106,31622,National Centre of Independents and Peasants - Conservatives,CNIP,60,998,998,NA,NA,NA,13.89,0,NA,87,544,3,10,,303.5,8.718,5.978,0,0.137,3.838,0.62,0.687,2.816,0,0,0,3.29,1.581,0,0.8260000000000001,2.893,0,0.8240000000000001,0,10.104,3.773,1.86,1.439,0.207,0,0.413,0,5.567,0.62,2.268,4.871,0,0,5.911,0,0,0,1.166,1.648,1.646,0.8260000000000001,2.812,0,3.092,0,6.108000000000001,0,1.653,0.548,0.413,0,1.442,0,4.467000000000001,2.535,0.757,1.646,0,0,0,0,0,0,0,0,0,0,0,0,0,0,0,0,0,0,0,0,0,0,0,0,0,0,0,0,0,0,0,0,0,0,0,0,0,0,0,0,0,0,0,0,0,0,0,0,0,0,0,0,0,0,NA,NA,NA,NA,NA,NA,NA,NA,NA,NA,NA,NA,NA,NA,NA,NA,NA,NA,NA,NA,NA,NA,NA,NA,NA,NA,NA,NA,NA,NA,NA,NA,27.203,1.646,9.684000000000001,3.294,1.307,2021a,L9XKUC
31,France,0,10,1956-01-02,195601,31220,French Communist Party,PCF,20,106,999,1982,NA,NA,25.659,0,NA,147,544,1,10,,353,0.85,0.5670000000000001,0,1.7,0,0.85,5.949,0,0,2.55,0.283,1.7,0.5670000000000001,0,1.983,0,0,0,0,27.479,0,0,3.683,0,0,0,0,0,0,0,0.85,0.283,0.283,0,0,0,0,0.5670000000000001,4.249,7.932,0,3.399,0,0,16.714,1.7,0.283,0,0,0,0,5.382,0,1.133,0.5670000000000001,0,8.499,0,0,0,0,0,0,0,0,0,0,0,0,0,0,0,0,0,0,0,0,0,0,0,0,0,0,0,0,0,0,0,0,0,0,0,0,0,0,0,0,0,0,0,0,0,0,0,0,0,0,0,0,0,0,NA,NA,NA,NA,NA,NA,NA,NA,NA,NA,NA,NA,NA,NA,NA,NA,NA,NA,NA,NA,NA,NA,NA,NA,NA,NA,NA,NA,NA,NA,NA,NA,0.85,3.966,0,12.181,6.799,2021a,IN74TU
31,France,0,10,1956-01-02,195601,31320,French Section of the Workers' International,SIFO,30,106,999,1982,NA,NA,15.111,0,NA,88,544,1,10,,246,2.846,6.504,0,0,0,1.22,3.252,3.252,2.439,0,0,3.659,4.472,0,1.626,0.407,0,0.407,0.407,3.252,0,0.407,7.317,3.252,0,0,2.033,2.846,0.407,3.252,1.626,2.033,3.659,0,0,0,0,0.8130000000000001,8.943,9.756,0,9.756,0,0,0.407,0,0,0,0,0.8130000000000001,0,2.439,0,2.033,1.626,1.22,1.626,0,0,0,0,0,0,0,0,0,0,0,0,0,0,0,0,0,0,0,0,0,0,0,0,0,0,0,0,0,0,0,0,0,0,0,0,0,0,0,0,0,0,0,0,0,0,0,0,0,0,0,0,0,0,NA,NA,NA,NA,NA,NA,NA,NA,NA,NA,NA,NA,NA,NA,NA,NA,NA,NA,NA,NA,NA,NA,NA,NA,NA,NA,NA,NA,NA,NA,NA,NA,-41.057,12.602,0,18.699,4.472,2021a,R9NLTK
31,France,0,10,1956-01-02,195601,31421,Radical Socialist Party,RRRS,40,106,999,1982,NA,NA,15.018,0,NA,73,544,1,10,,75,2.667,2.667,0,1.333,0,0,4,4,2.667,0,0,0,2.667,0,2.667,1.333,0,0,4,9.333,1.333,4,1.333,1.333,0,0,0,4,0,2.667,4,0,0,1.333,0,0,0,0,4,5.333,0,8,0,1.333,0,4,0,0,0,0,0,0,0,10.667,2.667,0,6.667,0,0,0,0,0,0,0,0,0,0,0,0,0,0,0,0,0,0,0,0,0,0,0,0,0,0,0,0,0,0,0,0,0,0,0,0,0,0,0,0,0,0,0,0,0,0,0,0,0,0,0,0,0,0,NA,NA,NA,NA,NA,NA,NA,NA,NA,NA,NA,NA,NA,NA,NA,NA,NA,NA,NA,NA,NA,NA,NA,NA,NA,NA,NA,NA,NA,NA,NA,NA,-6.667,2.667,2.667,9.333,4,2021a,VS7MWD
31,France,0,10,1956-01-02,195601,31521,Popular Republican Movement,MRP,50,106,999,1982,NA,NA,11.011,0,NA,71,544,1,10,,146,4.11,4.11,0,1.37,1.37,0,3.425,0.685,5.479,0.685,0,2.055,4.795,0,1.37,0.685,0,0.685,0.685,8.904,2.055,1.37,2.74,1.37,0,0,0,5.479,2.055,3.425,2.055,0.685,0,2.74,0,0,0,1.37,3.425,4.11,0,4.795,0,1.37,0,8.219,0,0,1.37,0,0,2.055,0,4.11,1.37,1.37,2.055,0,0,0,0,0,0,0,0,0,0,0,0,0,0,0,0,0,0,0,0,0,0,0,0,0,0,0,0,0,0,0,0,0,0,0,0,0,0,0,0,0,0,0,0,0,0,0,0,0,0,0,0,0,0,NA,NA,NA,NA,NA,NA,NA,NA,NA,NA,NA,NA,NA,NA,NA,NA,NA,NA,NA,NA,NA,NA,NA,NA,NA,NA,NA,NA,NA,NA,NA,NA,3.425,4.795,4.795,7.534,3.425,2021a,R9IX3G
31,France,0,10,1956-01-02,195601,31621,Rally for the French People - Gaullists,RPF,60,998,998,NA,NA,NA,3.92,0,NA,16,544,3,10,,191,0.862,9.903,0,1.293,7.534,0,1.812,2.155,0.862,5.586,1.3,3.112,3.312,4.15,2.586,0.75,0.431,0.75,0,10.528,1.412,2.162,1.812,2.05,0,1.15,0,1.812,0.431,2.362,2.25,0,0,0.9500000000000001,0,0,0,0.8310000000000001,2.681,0,0,4.086,0,3.774,0,2.905,0,1.293,1.15,0.55,0.862,0.9500000000000001,0,1.15,1.693,0.55,4.205,0,0,0,0,0,0,0,0,0,0,0,0,0,0,0,0,0,0,0,0,0,0,0,0,0,0,0,0,0,0,0,0,0,0,0,0,0,0,0,0,0,0,0,0,0,0,0,0,0,0,0,0,0,0,NA,NA,NA,NA,NA,NA,NA,NA,NA,NA,NA,NA,NA,NA,NA,NA,NA,NA,NA,NA,NA,NA,NA,NA,NA,NA,NA,NA,NA,NA,NA,NA,20.35,3.862,2.362,2.681,1.812,2021a,HBFHNB
31,France,0,10,1956-01-02,195601,31622,National Centre of Independents and Peasants - Conservatives,CNIP,60,106,999,1982,NA,NA,15.159,0,NA,95,544,1,10,,242,7.025,7.025,0,0,0.8260000000000001,1.24,0.8260000000000001,2.893,0,0,0,0.8260000000000001,2.066,0,1.653,5.785,0,0.8260000000000001,0,12.81,2.066,3.719,0.413,0.413,0,0.8260000000000001,0,7.025,1.24,2.893,2.893,0,0,7.438,0,0,0,0.413,1.653,0.8260000000000001,1.653,1.24,0,3.719,0,4.545,0,3.306,0,0.8260000000000001,0,1.24,0,5.372,0.413,1.24,0.8260000000000001,0,0,0,0,0,0,0,0,0,0,0,0,0,0,0,0,0,0,0,0,0,0,0,0,0,0,0,0,0,0,0,0,0,0,0,0,0,0,0,0,0,0,0,0,0,0,0,0,0,0,0,0,0,0,NA,NA,NA,NA,NA,NA,NA,NA,NA,NA,NA,NA,NA,NA,NA,NA,NA,NA,NA,NA,NA,NA,NA,NA,NA,NA,NA,NA,NA,NA,NA,NA,28.926,0.8260000000000001,9.504,2.479,2.066,2021a,UHPU46
31,France,0,10,1956-01-02,195601,31623,Union for the Defence of Traders and Artisans - Poujadists,UDCA,60,106,999,1982,NA,NA,11.558,0,NA,51,544,1,10,,219,10.046,12.329,0,0,0,0,0,0,0,5.479,0,2.74,4.566,0.457,0.913,0,0,0.457,10.046,24.201,0,0,1.826,0,0,0,0,0,0,0,0,0,0,2.283,0,0,0,0,1.37,1.37,0,0,0,0.457,5.023,0.913,0,0,1.37,0,0,3.196,0,1.826,5.936,0,3.196,0,0,0,0,0,0,0,0,0,0,0,0,0,0,0,0,0,0,0,0,0,0,0,0,0,0,0,0,0,0,0,0,0,0,0,0,0,0,0,0,0,0,0,0,0,0,0,0,0,0,0,0,0,0,NA,NA,NA,NA,NA,NA,NA,NA,NA,NA,NA,NA,NA,NA,NA,NA,NA,NA,NA,NA,NA,NA,NA,NA,NA,NA,NA,NA,NA,NA,NA,NA,21.461,1.826,2.283,2.74,0,2021a,E24N4Z
31,France,0,10,1958-11-23,195811,31220,French Communist Party,PCF,20,106,999,1982,NA,NA,18.886,0,NA,10,465,1,10,,72,0,4.2,2.8,8.3,0,6.9,9.700000000000001,0,0,2.8,0,4.2,5.600000000000001,0,5.600000000000001,0,0,0,0,0,0,0,2.8,0,0,0,0,2.8,0,1.4,2.8,2.8,5.600000000000001,0,0,0,0,2.8,0,4.2,0,2.8,0,0,2.8,0,0,0,0,0,0,6.9,0,2.8,2.8,2.8,4.2,0,0,0,0,0,0,0,0,0,0,0,0,0,0,0,0,0,0,0,0,0,0,0,0,0,0,0,0,0,0,0,0,0,0,0,0,0,0,0,0,0,0,0,0,0,0,0,0,0,0,0,0,0,0,NA,NA,NA,NA,NA,NA,NA,NA,NA,NA,NA,NA,NA,NA,NA,NA,NA,NA,NA,NA,NA,NA,NA,NA,NA,NA,NA,NA,NA,NA,NA,NA,-51.4,5.600000000000001,0,4.2,19.4,2021a,3POCDK
31,France,0,10,1958-11-23,195811,31320,French Section of the Workers' International,SIFO,30,106,999,1982,NA,NA,15.476,0,NA,44,465,1,10,,46,0,8.700000000000001,0,0,0,6.5,15.2,4.3,4.3,0,0,4.3,6.5,19.6,0,0,0,2.2,2.2,0,0,0,2.2,0,0,0,0,6.5,0,2.2,2.2,0,2.2,2.2,0,0,0,0,0,0,0,4.3,0,0,0,0,0,0,0,0,0,4.3,0,0,0,0,0,0,0,0,0,0,0,0,0,0,0,0,0,0,0,0,0,0,0,0,0,0,0,0,0,0,0,0,0,0,0,0,0,0,0,0,0,0,0,0,0,0,0,0,0,0,0,0,0,0,0,0,0,0,0,NA,NA,NA,NA,NA,NA,NA,NA,NA,NA,NA,NA,NA,NA,NA,NA,NA,NA,NA,NA,NA,NA,NA,NA,NA,NA,NA,NA,NA,NA,NA,NA,-19.4,2.2,2.2,0,21.7,2021a,JH3WDC
31,France,0,10,1958-11-23,195811,31421,Radical Socialist Party,RRRS,40,106,999,1982,NA,NA,9.651,0,NA,23,465,1,10,,50,0,4,0,0,0,0,0,0,8,0,0,2,4,6,2,0,0,0,0,2,0,4,0,0,0,0,0,16,0,0,6,0,0,10,0,0,0,0,12,8,0,4,0,0,0,0,0,0,0,0,0,0,2,4,4,0,2,0,0,0,0,0,0,0,0,0,0,0,0,0,0,0,0,0,0,0,0,0,0,0,0,0,0,0,0,0,0,0,0,0,0,0,0,0,0,0,0,0,0,0,0,0,0,0,0,0,0,0,0,0,0,NA,NA,NA,NA,NA,NA,NA,NA,NA,NA,NA,NA,NA,NA,NA,NA,NA,NA,NA,NA,NA,NA,NA,NA,NA,NA,NA,NA,NA,NA,NA,NA,8,0,10,20,0,2021a,PW947M
31,France,0,10,1958-11-23,195811,31521,Popular Republican Movement,MRP,50,106,999,1982,NA,NA,11.09,0,NA,57,465,1,10,,159,0,3.1,0,0,0,0,0,0,2.5,0,0,0,1.9,1.3,0,3.8,0,0.6,0,0.6,0.6,4.4,0.6,0,0,0,0,1.3,0,0,4.4,0,0,1.9,0,0,0,5,5.7,8.2,0,11.9,0,1.9,0,0,0,0,0,1.3,0,0.6,0,9.4,10.1,4.4,14.5,0,0,0,0,0,0,0,0,0,0,0,0,0,0,0,0,0,0,0,0,0,0,0,0,0,0,0,0,0,0,0,0,0,0,0,0,0,0,0,0,0,0,0,0,0,0,0,0,0,0,0,0,0,0,NA,NA,NA,NA,NA,NA,NA,NA,NA,NA,NA,NA,NA,NA,NA,NA,NA,NA,NA,NA,NA,NA,NA,NA,NA,NA,NA,NA,NA,NA,NA,NA,-12.5,0.6,2.5,13.9,0,2021a,9ND8OX
31,France,0,10,1958-11-23,195811,31621,Union for the New Republic - Gaullists,UNR,60,106,999,1982,NA,NA,20.638,0,NA,198,465,1,10,,266,0,8.6,0,0,3,0,1.9,0,0,6,2.6,4.5,4.9,8.3,0,1.5,0,1.5,0,6.4,1.1,2.6,1.9,4.1,0,2.3,0,1.9,0,3,4.5,0,0,1.9,0,0,0,0.8,4.5,0,0,3,0,4.1,0,1.5,0,0,2.3,1.1,0,1.9,0,2.3,0.8,1.1,4.1,0,0,0,0,0,0,0,0,0,0,0,0,0,0,0,0,0,0,0,0,0,0,0,0,0,0,0,0,0,0,0,0,0,0,0,0,0,0,0,0,0,0,0,0,0,0,0,0,0,0,0,0,0,0,NA,NA,NA,NA,NA,NA,NA,NA,NA,NA,NA,NA,NA,NA,NA,NA,NA,NA,NA,NA,NA,NA,NA,NA,NA,NA,NA,NA,NA,NA,NA,NA,15.7,6,3,4.5,1.9,2021a,EXH9W1
31,France,0,10,1958-11-23,195811,31622,National Centre of Independents and Peasants - Conservatives,CNIP,60,106,999,1982,NA,NA,19.964,0,NA,133,465,1,10,,243,0,2.9,1.6,0,1.2,0,1.2,1.2,0.8,0,0,7,5.8,8.2,0,7,0,1.2,0.4,3.7,4.1,4.9,1.6,1.2,0,0.8,0,2.9,0,3.3,2.9,0,0,2.5,0,0,0,0.4,2.9,1.2,0,2.9,0,4.9,0,0.8,0,0,0.8,0.8,0,2.5,0,4.5,5.3,0.8,5.3,0,0,0,0,0,0,0,0,0,0,0,0,0,0,0,0,0,0,0,0,0,0,0,0,0,0,0,0,0,0,0,0,0,0,0,0,0,0,0,0,0,0,0,0,0,0,0,0,0,0,0,0,0,0,NA,NA,NA,NA,NA,NA,NA,NA,NA,NA,NA,NA,NA,NA,NA,NA,NA,NA,NA,NA,NA,NA,NA,NA,NA,NA,NA,NA,NA,NA,NA,NA,19.7,2.8,6.600000000000001,4.1,2.8,2021a,J6Y9TX
31,France,10,10,1962-11-18,196211,31220,French Communist Party,PCF,20,106,999,1982,NA,NA,21.875,0,NA,41,465,1,10,,149,0,0,0,0.7000000000000001,0,3.4,2,0,0,0,6.7,5.4,8.700000000000001,0,4.7,2,0,0.7000000000000001,2,2,0,0,2,0.7000000000000001,0,1.3,0,1.3,0,3.4,3.4,4,2,0,0,0,0.7000000000000001,2.7,9.4,5.4,0,3.4,0,0,4,0,0,0,0,0,1.3,9.4,0,2.7,1.3,1.3,2,0,0,0,0,0,0,0,0,0,0,0,0,0,0,0,0,0,0,0,0,0,0,0,0,0,0,0,0,0,0,0,0,0,0,0,0,0,0,0,0,0,0,0,0,0,0,0,0,0,0,0,0,0,0,NA,NA,NA,NA,NA,NA,NA,NA,NA,NA,NA,NA,NA,NA,NA,NA,NA,NA,NA,NA,NA,NA,NA,NA,NA,NA,NA,NA,NA,NA,NA,NA,-35.6,6.7,0,14.8,5.4,2021a,WBJQJ7
31,France,10,10,1962-11-18,196211,31320,French Section of the Workers' International,SIFO,30,106,999,1982,NA,NA,12.432,0,NA,64,465,1,10,,113,0,2.7,0,4.4,0,2.7,6.2,4.4,4.4,0,0,4.4,3.5,1.8,0,1.8,0,0,0,0,0,0,4.4,0.9,0,0,0,2.7,0,0,0,4.4,0,0,0,0,0,2.7,8,10.6,0,8,0,0,0,0,0,0,0,0.9,0,6.2,0,3.5,1.8,4.4,5.3,0,0,0,0,0,0,0,0,0,0,0,0,0,0,0,0,0,0,0,0,0,0,0,0,0,0,0,0,0,0,0,0,0,0,0,0,0,0,0,0,0,0,0,0,0,0,0,0,0,0,0,0,0,0,NA,NA,NA,NA,NA,NA,NA,NA,NA,NA,NA,NA,NA,NA,NA,NA,NA,NA,NA,NA,NA,NA,NA,NA,NA,NA,NA,NA,NA,NA,NA,NA,-49.5,9.700000000000001,0,18.6,8.9,2021a,UYON1M
31,France,10,10,1962-11-18,196211,31421,Radical Socialist Party,RRRS,40,106,999,1982,NA,NA,7.421,0,NA,41,465,1,10,,198,0,3,0,1,2,3.5,0,0.5,3.5,15.2,0,0,7.100000000000001,3.5,1.5,4.5,7.100000000000001,0,1,0,1,2.5,5.100000000000001,1,2,0,0,2,1,0,1.5,4,0,0,0,0,1,1.5,0,1.5,1,9.1,0,2,0,0,0,0.5,1,0,0,1,0,2.5,3.5,0,1.5,0,0,0,0,0,0,0,0,0,0,0,0,0,0,0,0,0,0,0,0,0,0,0,0,0,0,0,0,0,0,0,0,0,0,0,0,0,0,0,0,0,0,0,0,0,0,0,0,0,0,0,0,0,0,NA,NA,NA,NA,NA,NA,NA,NA,NA,NA,NA,NA,NA,NA,NA,NA,NA,NA,NA,NA,NA,NA,NA,NA,NA,NA,NA,NA,NA,NA,NA,NA,-20.3,10.1,1,1.5,3.5,2021a,6E1S2Q
31,France,10,10,1962-11-18,196211,31521,Popular Republican Movement,MRP,50,106,999,1982,NA,NA,7.875,0,NA,37,465,1,10,,90,0,1.1,0,0,0,0,0,4.4,4.4,11.1,0,0,8.9,5.600000000000001,0,7.8,0,2.2,0,0,1.1,7.8,0,2.2,0,0,1.1,4.4,0,0,0,0,0,1.1,0,0,0,0,10,6.7,0,0,3.3,0,0,0,0,0,0,4.4,0,1.1,0,2.2,0,0,8.9,0,0,0,0,0,0,0,0,0,0,0,0,0,0,0,0,0,0,0,0,0,0,0,0,0,0,0,0,0,0,0,0,0,0,0,0,0,0,0,0,0,0,0,0,0,0,0,0,0,0,0,0,0,0,NA,NA,NA,NA,NA,NA,NA,NA,NA,NA,NA,NA,NA,NA,NA,NA,NA,NA,NA,NA,NA,NA,NA,NA,NA,NA,NA,NA,NA,NA,NA,NA,-6.600000000000001,2.2,2.2,16.7,0,2021a,5EYP53
31,France,10,10,1962-11-18,196211,31621,Union for the New Republic - Gaullists,UNR,60,106,999,1982,NA,NA,33.696,0,NA,230,465,1,10,,374,0,2.4,0,1.6,2.7,0,2.4,1.3,0.8,4.5,1.6,4.3,5.600000000000001,4.3,0,1.3,0,1.9,0,5.3,1.9,4.8,3.2,1.9,0,0.8,0.8,3.7,0.8,4.3,4.5,0.5,0,1.3,0,0,0.3,0.8,3.7,3.5,0,2.7,0,3.7,0,2.1,0,2.4,2.7,0,0,3.2,0,1.9,1.3,1.6,1.3,0,0,0,0,0,0,0,0,0,0,0,0,0,0,0,0,0,0,0,0,0,0,0,0,0,0,0,0,0,0,0,0,0,0,0,0,0,0,0,0,0,0,0,0,0,0,0,0,0,0,0,0,0,0,NA,NA,NA,NA,NA,NA,NA,NA,NA,NA,NA,NA,NA,NA,NA,NA,NA,NA,NA,NA,NA,NA,NA,NA,NA,NA,NA,NA,NA,NA,NA,NA,9.6,5.600000000000001,3.2,7.2,2.4,2021a,CZGPT1
31,France,10,10,1962-11-18,196211,31622,National Centre of Independents and Peasants - Conservatives,CNIP,60,106,999,1982,NA,NA,11.515,0,NA,32,465,1,10,,156,0,6.4,0,0,0,1.3,1.3,1.9,3.8,0,0,7.7,4.5,1.3,3.8,5.100000000000001,0,1.3,0,1.9,5.8,3.8,1.3,1.3,0,1.9,0.6,3.2,0,1.9,2.6,0,0,3.8,0,0,0.6,1.3,4.5,2.6,0,3.2,0,5.8,0,0,0,0.6,1.3,0,0,1.9,0,4.5,2.6,2.6,1.9,0,0,0,0,0,0,0,0,0,0,0,0,0,0,0,0,0,0,0,0,0,0,0,0,0,0,0,0,0,0,0,0,0,0,0,0,0,0,0,0,0,0,0,0,0,0,0,0,0,0,0,0,0,0,NA,NA,NA,NA,NA,NA,NA,NA,NA,NA,NA,NA,NA,NA,NA,NA,NA,NA,NA,NA,NA,NA,NA,NA,NA,NA,NA,NA,NA,NA,NA,NA,11.4,2.6,9.6,7.100000000000001,2.6,2021a,Q27N2H
31,France,10,10,1967-03-05,196703,31220,French Communist Party,PCF,20,106,999,1982,NA,NA,22.506,0,NA,72,470,1,10,,94,0,0,0,1.1,0,5.3,4.3,1.1,0,0,1.1,0,3.2,0,2.1,2.1,0,0,0,0,0,1.1,5.3,1.1,0,1.1,0,5.3,0,1.1,3.2,3.2,4.3,0,0,0,1.1,3.2,5.3,9.6,0,6.4,0,0,7.4,0,0,1.1,0,1.1,0,6.4,0,2.1,1.1,1.1,8.5,0,0,0,0,0,0,0,0,0,0,0,0,0,0,0,0,0,0,0,0,0,0,0,0,0,0,0,0,0,0,0,0,0,0,0,0,0,0,0,0,0,0,0,0,0,0,0,0,0,0,0,0,0,0,NA,NA,NA,NA,NA,NA,NA,NA,NA,NA,NA,NA,NA,NA,NA,NA,NA,NA,NA,NA,NA,NA,NA,NA,NA,NA,NA,NA,NA,NA,NA,NA,-50.2,9.6,0,14.9,9.6,2021a,3K9W7L
31,France,10,10,1967-03-05,196703,31320,French Section of the Workers' International,SIFO,30,106,999,1982,NA,NA,11.37,1,NA,71,470,2,10,,134,0,0,0,0.7000000000000001,0,4.5,4.5,5.2,3,0,0,4.5,3.7,1.5,4.5,6,1.5,1.5,0.7000000000000001,0,0,1.5,2.2,3,0,0.7000000000000001,0.7000000000000001,0,0,1.5,3,3,0,0,0,0,0,2.2,7.5,8.2,0,6,0,0,2.2,0,0,0,0,0,0,4.5,0,3.7,2.2,0.7000000000000001,5.2,0,0,0,0,0,0,0,0,0,0,0,0,0,0,0,0,0,0,0,0,0,0,0,0,0,0,0,0,0,0,0,0,0,0,0,0,0,0,0,0,0,0,0,0,0,0,0,0,0,0,0,0,0,0,NA,NA,NA,NA,NA,NA,NA,NA,NA,NA,NA,NA,NA,NA,NA,NA,NA,NA,NA,NA,NA,NA,NA,NA,NA,NA,NA,NA,NA,NA,NA,NA,-38,8.2,0,15.7,9,2021a,X6SGGM
31,France,10,10,1967-03-05,196703,31421,Radical Socialist Party,RRRS,40,106,999,1982,NA,NA,7.53,1,NA,47,470,2,10,,134,0,0,0,0.7000000000000001,0,4.5,4.5,5.2,3,0,0,4.5,3.7,1.5,4.5,6,1.5,1.5,0.7000000000000001,0,0,1.5,2.2,3,0,0.7000000000000001,0.7000000000000001,0,0,1.5,3,3,0,0,0,0,0,2.2,7.5,8.2,0,6,0,0,2.2,0,0,0,0,0,0,4.5,0,3.7,2.2,0.7000000000000001,5.2,0,0,0,0,0,0,0,0,0,0,0,0,0,0,0,0,0,0,0,0,0,0,0,0,0,0,0,0,0,0,0,0,0,0,0,0,0,0,0,0,0,0,0,0,0,0,0,0,0,0,0,0,0,0,NA,NA,NA,NA,NA,NA,NA,NA,NA,NA,NA,NA,NA,NA,NA,NA,NA,NA,NA,NA,NA,NA,NA,NA,NA,NA,NA,NA,NA,NA,NA,NA,-38,8.2,0,15.7,9,2021a,H1N2HM
31,France,10,10,1967-03-05,196703,31522,Democratic Centre,CD,50,106,999,1982,NA,NA,14.093,0,NA,38,470,1,10,,42,0,7.100000000000001,0,0,0,0,0,7.100000000000001,11.9,0,0,2.4,9.5,4.8,2.4,9.5,0,0,4.8,0,7.100000000000001,4.8,2.4,0,0,0,0,2.4,0,4.8,9.5,0,0,2.4,0,0,0,0,0,0,0,0,0,4.8,0,0,0,0,0,2.4,0,0,0,0,0,0,0,0,0,0,0,0,0,0,0,0,0,0,0,0,0,0,0,0,0,0,0,0,0,0,0,0,0,0,0,0,0,0,0,0,0,0,0,0,0,0,0,0,0,0,0,0,0,0,0,0,0,0,0,0,0,NA,NA,NA,NA,NA,NA,NA,NA,NA,NA,NA,NA,NA,NA,NA,NA,NA,NA,NA,NA,NA,NA,NA,NA,NA,NA,NA,NA,NA,NA,NA,NA,7.3,2.4,9.5,0,0,2021a,RH3V7S
31,France,10,10,1967-03-05,196703,31621,Democratic Union of the Fifth Republic - Gaulists,UD-Ve,60,106,999,1982,NA,NA,32.953,0,NA,191,470,1,10,,65,0,6.2,0,1.5,9.200000000000001,0,9.200000000000001,0,0,9.200000000000001,0,0,1.5,6.2,0,0,0,0,4.600000000000001,0,0,3.1,3.1,0,0,0,0,9.200000000000001,0,4.600000000000001,0,0,0,0,0,0,0,0,10.8,0,6.2,0,0,0,0,0,0,0,3.1,0,0,1.5,0,4.600000000000001,1.5,0,4.600000000000001,0,0,0,0,0,0,0,0,0,0,0,0,0,0,0,0,0,0,0,0,0,0,0,0,0,0,0,0,0,0,0,0,0,0,0,0,0,0,0,0,0,0,0,0,0,0,0,0,0,0,0,0,0,0,NA,NA,NA,NA,NA,NA,NA,NA,NA,NA,NA,NA,NA,NA,NA,NA,NA,NA,NA,NA,NA,NA,NA,NA,NA,NA,NA,NA,NA,NA,NA,NA,11,3.1,0,10.8,9.200000000000001,2021a,CLUYOK
31,France,10,10,1967-03-05,196703,31622,National Centre of Independents and Peasants - Conservatives,CNIP,60,998,998,NA,NA,NA,3.26,0,NA,7,470,3,10,,156,0,6.4,0,0,0,1.3,1.3,1.9,3.8,0,0,7.7,4.5,1.3,3.8,5.100000000000001,0,1.3,0,1.9,5.8,3.8,1.3,1.3,0,1.9,0.6,3.2,0,1.9,2.6,0,0,3.8,0,0,0.6,1.3,4.5,2.6,0,3.2,0,5.8,0,0,0,0.6,1.3,0,0,1.9,0,4.5,2.6,2.6,1.9,0,0,0,0,0,0,0,0,0,0,0,0,0,0,0,0,0,0,0,0,0,0,0,0,0,0,0,0,0,0,0,0,0,0,0,0,0,0,0,0,0,0,0,0,0,0,0,0,0,0,0,0,0,0,NA,NA,NA,NA,NA,NA,NA,NA,NA,NA,NA,NA,NA,NA,NA,NA,NA,NA,NA,NA,NA,NA,NA,NA,NA,NA,NA,NA,NA,NA,NA,NA,11.4,2.6,9.6,7.100000000000001,2.6,2021a,SCO1PS
31,France,10,10,1968-06-23,196806,31220,French Communist Party,PCF,20,106,999,1982,NA,NA,20.024,0,NA,33,470,1,10,,126,0,0,0,2.4,0,3.2,4,0,0,2.4,3.2,2.4,5.600000000000001,0,3.2,0.8,0,1.6,1.6,0.8,0,0,2.4,1.6,0,0,0,1.6,0,0,2.4,3.2,6.3,0.8,0,0,1.6,2.4,8.700000000000001,7.9,0,4.8,0,0,3.2,0,0,0,0,0.8,0,8.700000000000001,0,4,1.6,2.4,4.8,0,0,0,0,0,0,0,0,0,0,0,0,0,0,0,0,0,0,0,0,0,0,0,0,0,0,0,0,0,0,0,0,0,0,0,0,0,0,0,0,0,0,0,0,0,0,0,0,0,0,0,0,0,0,NA,NA,NA,NA,NA,NA,NA,NA,NA,NA,NA,NA,NA,NA,NA,NA,NA,NA,NA,NA,NA,NA,NA,NA,NA,NA,NA,NA,NA,NA,NA,NA,-46.1,7.2,0.8,16.6,7.2,2021a,6C4YTG
31,France,10,10,1968-06-23,196806,31320,French Section of the Workers' International,SIFO,30,106,999,1982,NA,NA,9.86,1,NA,34,470,2,10,,59,0,0,0,0,0,3.4,6.8,6.8,0,0,0,3.4,5.100000000000001,0,0,3.4,0,0,0,0,0,0,5.100000000000001,3.4,0,0,3.4,0,0,0,3.4,1.7,1.7,0,0,0,0,5.100000000000001,6.8,8.5,0,1.7,0,0,5.100000000000001,0,6.8,0,0,0,0,5.100000000000001,0,1.7,3.4,1.7,6.8,0,0,0,0,0,0,0,0,0,0,0,0,0,0,0,0,0,0,0,0,0,0,0,0,0,0,0,0,0,0,0,0,0,0,0,0,0,0,0,0,0,0,0,0,0,0,0,0,0,0,0,0,0,0,NA,NA,NA,NA,NA,NA,NA,NA,NA,NA,NA,NA,NA,NA,NA,NA,NA,NA,NA,NA,NA,NA,NA,NA,NA,NA,NA,NA,NA,NA,NA,NA,-42.5,10.2,0,15.3,10.2,2021a,D1UVRU
31,France,10,10,1968-06-23,196806,31421,Radical Socialist Party,RRRS,40,106,999,1982,NA,NA,6.67,1,NA,23,470,2,10,,59,0,0,0,0,0,3.4,6.8,6.8,0,0,0,3.4,5.100000000000001,0,0,3.4,0,0,0,0,0,0,5.100000000000001,3.4,0,0,3.4,0,0,0,3.4,1.7,1.7,0,0,0,0,5.100000000000001,6.8,8.5,0,1.7,0,0,5.100000000000001,0,6.8,0,0,0,0,5.100000000000001,0,1.7,3.4,1.7,6.8,0,0,0,0,0,0,0,0,0,0,0,0,0,0,0,0,0,0,0,0,0,0,0,0,0,0,0,0,0,0,0,0,0,0,0,0,0,0,0,0,0,0,0,0,0,0,0,0,0,0,0,0,0,0,NA,NA,NA,NA,NA,NA,NA,NA,NA,NA,NA,NA,NA,NA,NA,NA,NA,NA,NA,NA,NA,NA,NA,NA,NA,NA,NA,NA,NA,NA,NA,NA,-42.5,10.2,0,15.3,10.2,2021a,K4QGKT
31,France,10,10,1968-06-23,196806,31522,Progress and Modern Democracy,PDM,50,106,999,1982,NA,NA,10.471,0,NA,26,470,1,10,,48,0,0,0,12.5,0,2.1,2.1,8.3,4.2,0,0,4.2,4.2,4.2,0,0,0,2.1,0,4.2,0,2.1,0,0,0,0,0,8.3,0,6.3,8.3,0,0,0,0,0,0,0,4.2,2.1,0,0,0,6.3,0,6.3,0,0,0,0,0,0,0,2.1,4.2,2.1,0,0,0,0,0,0,0,0,0,0,0,0,0,0,0,0,0,0,0,0,0,0,0,0,0,0,0,0,0,0,0,0,0,0,0,0,0,0,0,0,0,0,0,0,0,0,0,0,0,0,0,0,0,0,0,NA,NA,NA,NA,NA,NA,NA,NA,NA,NA,NA,NA,NA,NA,NA,NA,NA,NA,NA,NA,NA,NA,NA,NA,NA,NA,NA,NA,NA,NA,NA,NA,-4,0,0,6.3,4.2,2021a,RY1C5C
31,France,10,10,1968-06-23,196806,31621,Union for the Defence of the Republic - Gaullists,UDR,60,106,999,1982,NA,NA,38.029,0,NA,282,470,1,10,,51,0,0,0,0,0,0,0,0,0,5.9,0,7.8,5.9,9.8,0,0,0,0,0,13.7,0,3.9,3.9,5.9,0,0,0,0,0,5.9,0,0,0,0,0,0,0,0,7.8,0,0,5.9,0,11.8,0,3.9,0,2,0,0,2,0,0,3.9,0,0,0,0,0,0,0,0,0,0,0,0,0,0,0,0,0,0,0,0,0,0,0,0,0,0,0,0,0,0,0,0,0,0,0,0,0,0,0,0,0,0,0,0,0,0,0,0,0,0,0,0,0,0,0,0,0,NA,NA,NA,NA,NA,NA,NA,NA,NA,NA,NA,NA,NA,NA,NA,NA,NA,NA,NA,NA,NA,NA,NA,NA,NA,NA,NA,NA,NA,NA,NA,NA,31.3,9.8,0,7.8,0,2021a,W3ZSDK
31,France,10,10,1968-06-23,196806,31622,National Centre of Independents and Peasants - Conservatives,CNIP,60,998,998,NA,NA,NA,1.94,0,NA,8,470,3,10,,156,0,6.4,0,0,0,1.3,1.3,1.9,3.8,0,0,7.7,4.5,1.3,3.8,5.100000000000001,0,1.3,0,1.9,5.8,3.8,1.3,1.3,0,1.9,0.6,3.2,0,1.9,2.6,0,0,3.8,0,0,0.6,1.3,4.5,2.6,0,3.2,0,5.8,0,0,0,0.6,1.3,0,0,1.9,0,4.5,2.6,2.6,1.9,0,0,0,0,0,0,0,0,0,0,0,0,0,0,0,0,0,0,0,0,0,0,0,0,0,0,0,0,0,0,0,0,0,0,0,0,0,0,0,0,0,0,0,0,0,0,0,0,0,0,0,0,0,0,NA,NA,NA,NA,NA,NA,NA,NA,NA,NA,NA,NA,NA,NA,NA,NA,NA,NA,NA,NA,NA,NA,NA,NA,NA,NA,NA,NA,NA,NA,NA,NA,11.4,2.6,9.6,7.100000000000001,2.6,2021a,3DZNK8
31,France,10,10,1973-03-04,197303,31220,French Communist Party,PCF,20,106,999,1982,NA,NA,21.41,0,NA,73,473,1,10,,242,0,0,0,1.2,2.5,0,3.3,0,0,3.3,2.1,1.7,7.4,0.4,2.1,0.8,0,0,0.8,0.8,0,0,5.8,1.7,0,0,0.4,1.7,0.8,0.8,1.2,3.7,4.1,0.4,0,0,1.2,2.1,6.600000000000001,5,0,2.1,0,0,4.1,1.2,0,1.7,0,0,1.7,6.2,0,4.1,2.1,6.600000000000001,8.3,0,0,0,0,0,0,0,0,0,0,0,0,0,0,0,0,0,0,0,0,0,0,0,0,0,0,0,0,0,0,0,0,0,0,0,0,0,0,0,0,0,0,0,0,0,0,0,0,0,0,0,0,0,0,NA,NA,NA,NA,NA,NA,NA,NA,NA,NA,NA,NA,NA,NA,NA,NA,NA,NA,NA,NA,NA,NA,NA,NA,NA,NA,NA,NA,NA,NA,NA,NA,-31.4,11.2,0.4,11.6,3.3,2021a,WSAIC8
31,France,10,10,1973-03-04,197303,31320,Socialist Party,PS,30,106,999,1982,NA,NA,19.103,0,NA,89,473,1,10,,246,0,0.4,0.8,0.8,0,2.4,2.4,1.6,2,0,0.4,4.1,11.8,1.6,2.4,4.1,0,0,1.6,0.4,0.4,1.2,3.7,4.1,0,0.4,0,1.2,0.8,0.8,2.8,4.9,2,0,0,0,1.2,0,6.9,4.9,0,6.100000000000001,0,0,4.9,0,0,0,0,3.3,0,4.1,0,2,1.2,2.8,3.3,0,0,0,0,0,0,0,0,0,0,0,0,0,0,0,0,0,0,0,0,0,0,0,0,0,0,0,0,0,0,0,0,0,0,0,0,0,0,0,0,0,0,0,0,0,0,0,0,0,0,0,0,0,0,NA,NA,NA,NA,NA,NA,NA,NA,NA,NA,NA,NA,NA,NA,NA,NA,NA,NA,NA,NA,NA,NA,NA,NA,NA,NA,NA,NA,NA,NA,NA,NA,-41.5,12.7,0.4,11.8,5.600000000000001,2021a,GOD6K1
31,France,10,10,1973-03-04,197303,31523,"Centre, Democracy and Progress",CDP,50,998,998,NA,NA,NA,3.85,0,NA,21,473,3,10,,48,0,0,0,12.5,0,2.1,2.1,8.3,4.2,0,0,4.2,4.2,4.2,0,0,0,2.1,0,4.2,0,2.1,0,0,0,0,0,8.3,0,6.3,8.3,0,0,0,0,0,0,0,4.2,2.1,0,0,0,6.3,0,6.3,0,0,0,0,0,0,0,2.1,4.2,2.1,0,0,0,0,0,0,0,0,0,0,0,0,0,0,0,0,0,0,0,0,0,0,0,0,0,0,0,0,0,0,0,0,0,0,0,0,0,0,0,0,0,0,0,0,0,0,0,0,0,0,0,0,0,0,0,NA,NA,NA,NA,NA,NA,NA,NA,NA,NA,NA,NA,NA,NA,NA,NA,NA,NA,NA,NA,NA,NA,NA,NA,NA,NA,NA,NA,NA,NA,NA,NA,-4,0,0,6.3,4.2,2021a,MCIUHE
31,France,10,10,1973-03-04,197303,31529,Reformersâ€™ Movement,MR,50,106,999,1982,NA,NA,13.3,0,NA,30,473,2,10,,111,0,1.8,0,0,0,0.9,0,1.8,11.7,0,0,3.6,3.6,0,0,11.7,0,1.8,0,0,1.8,4.5,1.8,1.8,0,0,0,1.8,0,0,8.1,0,0,0.9,0,0,1.8,0.9,9,7.2,0,3.6,0,0,0,0,0,0,1.8,0,0,3.6,0,5.4,1.8,1.8,5.4,0,0,0,0,0,0,0,0,0,0,0,0,0,0,0,0,0,0,0,0,0,0,0,0,0,0,0,0,0,0,0,0,0,0,0,0,0,0,0,0,0,0,0,0,0,0,0,0,0,0,0,0,0,0,NA,NA,NA,NA,NA,NA,NA,NA,NA,NA,NA,NA,NA,NA,NA,NA,NA,NA,NA,NA,NA,NA,NA,NA,NA,NA,NA,NA,NA,NA,NA,NA,-11.7,3.6,2.7,16.2,0.9,2021a,TKKBCN
31,France,10,10,1973-03-04,197303,31621,Union of Democrats for the Republic - Gaullists,UDR,60,106,999,1982,NA,NA,25.966,0,NA,178,473,1,10,,127,0,0,0,0,2.4,0,1.6,1.6,0,2.4,0,5.5,6.3,2.4,0,1.6,0,1.6,0,8.700000000000001,1.6,3.1,1.6,0.8,0,0,0,3.1,0,5.5,4.7,0,0,1.6,0,0,2.4,3.1,5.5,4.7,0,3.1,0,4.7,0,0,0,2.4,0,0,0,3.1,0,5.5,2.4,1.6,5.5,0,0,0,0,0,0,0,0,0,0,0,0,0,0,0,0,0,0,0,0,0,0,0,0,0,0,0,0,0,0,0,0,0,0,0,0,0,0,0,0,0,0,0,0,0,0,0,0,0,0,0,0,0,0,NA,NA,NA,NA,NA,NA,NA,NA,NA,NA,NA,NA,NA,NA,NA,NA,NA,NA,NA,NA,NA,NA,NA,NA,NA,NA,NA,NA,NA,NA,NA,NA,9.6,2.4,3.2,10.2,1.6,2021a,N4LWT4
31,France,10,10,1973-03-04,197303,31622,National Centre of Independents and Peasants - Conservatives,CNIP,60,998,998,NA,NA,NA,3.41,0,NA,15,473,3,10,,156,0,6.4,0,0,0,1.3,1.3,1.9,3.8,0,0,7.7,4.5,1.3,3.8,5.100000000000001,0,1.3,0,1.9,5.8,3.8,1.3,1.3,0,1.9,0.6,3.2,0,1.9,2.6,0,0,3.8,0,0,0.6,1.3,4.5,2.6,0,3.2,0,5.8,0,0,0,0.6,1.3,0,0,1.9,0,4.5,2.6,2.6,1.9,0,0,0,0,0,0,0,0,0,0,0,0,0,0,0,0,0,0,0,0,0,0,0,0,0,0,0,0,0,0,0,0,0,0,0,0,0,0,0,0,0,0,0,0,0,0,0,0,0,0,0,0,0,0,NA,NA,NA,NA,NA,NA,NA,NA,NA,NA,NA,NA,NA,NA,NA,NA,NA,NA,NA,NA,NA,NA,NA,NA,NA,NA,NA,NA,NA,NA,NA,NA,11.4,2.6,9.6,7.100000000000001,2.6,2021a,3N8I92
31,France,10,10,1978-03-12,197803,31220,French Communist Party,PCF,20,106,999,1982,NA,NA,20.612,0,NA,86,474,1,10,,254,0,0,0,1.6,2,0.4,3.5,0,0,3.9,1.6,2,3.1,0,2.8,0.8,0,0.8,2,1.2,0,0,4.7,3.9,0,0,0,1.6,1.6,1.2,2.4,7.9,3.1,0,0,0,1.6,1.6,8.700000000000001,4.7,0,3.9,0,0,5.9,0,0,0,0,0,0.8,8.3,0,3.1,1.6,5.5,2.4,0,0,0,0,0,0,0,0,0,0,0,0,0,0,0,0,0,0,0,0,0,0,0,0,0,0,0,0,0,0,0,0,0,0,0,0,0,0,0,0,0,0,0,0,0,0,0,0,0,0,0,0,0,0,NA,NA,NA,NA,NA,NA,NA,NA,NA,NA,NA,NA,NA,NA,NA,NA,NA,NA,NA,NA,NA,NA,NA,NA,NA,NA,NA,NA,NA,NA,NA,NA,-39.9,16.5,0,13.4,3.9,2021a,OPHBEQ
31,France,10,10,1978-03-12,197803,31320,Socialist Party,PS,30,106,999,1982,NA,NA,22.789,0,NA,102,474,1,10,,250,0,0.8,0,1.2,0,2.4,3.2,0,2.4,0,0.8,5.600000000000001,10.8,0.8,2,3.2,0,0.8,0.8,0.4,1.6,1.2,4,4.8,0,0.8,0,1.6,0.8,0.8,2.4,4.8,2.4,0.4,0,0,1.6,1.6,6.4,5.2,0,5.600000000000001,0,0,4,0,0,0,0,3.2,0.4,4,0,1.6,1.6,2.4,1.6,0,0,0,0,0,0,0,0,0,0,0,0,0,0,0,0,0,0,0,0,0,0,0,0,0,0,0,0,0,0,0,0,0,0,0,0,0,0,0,0,0,0,0,0,0,0,0,0,0,0,0,0,0,0,NA,NA,NA,NA,NA,NA,NA,NA,NA,NA,NA,NA,NA,NA,NA,NA,NA,NA,NA,NA,NA,NA,NA,NA,NA,NA,NA,NA,NA,NA,NA,NA,-39.2,13.6,2,11.6,5.600000000000001,2021a,COQLPG
31,France,10,10,1978-03-12,197803,31621,Rally for the Republic - Gaullists,RPR,60,106,999,1982,NA,NA,22.835,0,NA,142,474,1,10,,146,0,2.7,0,0.7000000000000001,4.1,0,2.7,0.7000000000000001,1.4,4.1,1.4,6.8,3.4,3.4,0,0,0,0.7000000000000001,0,2.7,4.1,3.4,2.7,2.7,0,0,1.4,4.8,0,1.4,0,0,0,2.7,0,0,0.7000000000000001,1.4,5.5,4.1,0,2.7,0,2.7,0,2.7,0,2.1,4.1,0,1.4,1.4,0,2.7,2.7,2.7,4.8,0,0,0,0,0,0,0,0,0,0,0,0,0,0,0,0,0,0,0,0,0,0,0,0,0,0,0,0,0,0,0,0,0,0,0,0,0,0,0,0,0,0,0,0,0,0,0,0,0,0,0,0,0,0,NA,NA,NA,NA,NA,NA,NA,NA,NA,NA,NA,NA,NA,NA,NA,NA,NA,NA,NA,NA,NA,NA,NA,NA,NA,NA,NA,NA,NA,NA,NA,NA,19.1,5.4,6.8,9.6,2.7,2021a,ACCFCA
31,France,10,10,1978-03-12,197803,31622,National Centre of Independents and Peasants - Conservatives,CNIP,60,998,998,NA,NA,NA,1.87,0,NA,10,474,3,10,,156,0,6.4,0,0,0,1.3,1.3,1.9,3.8,0,0,7.7,4.5,1.3,3.8,5.100000000000001,0,1.3,0,1.9,5.8,3.8,1.3,1.3,0,1.9,0.6,3.2,0,1.9,2.6,0,0,3.8,0,0,0.6,1.3,4.5,2.6,0,3.2,0,5.8,0,0,0,0.6,1.3,0,0,1.9,0,4.5,2.6,2.6,1.9,0,0,0,0,0,0,0,0,0,0,0,0,0,0,0,0,0,0,0,0,0,0,0,0,0,0,0,0,0,0,0,0,0,0,0,0,0,0,0,0,0,0,0,0,0,0,0,0,0,0,0,0,0,0,NA,NA,NA,NA,NA,NA,NA,NA,NA,NA,NA,NA,NA,NA,NA,NA,NA,NA,NA,NA,NA,NA,NA,NA,NA,NA,NA,NA,NA,NA,NA,NA,11.4,2.6,9.6,7.100000000000001,2.6,2021a,S1OJPB
31,France,10,10,1978-03-12,197803,31624,Union for French Democracy,UDF,60,998,998,NA,NA,NA,22.017,0,NA,124,474,3,10,,55,1.818,0,0,0,0,0,0,0,0,0,0,0,3.636,0,0,5.455,0,5.455,1.818,0,1.818,3.636,0,0,0,3.636,0,1.818,5.455,5.455,3.636,0,0,20,0,0,5.455,5.455,0,3.636,3.636,7.273000000000001,0,0,0,0,0,0,0,0,0,0,0,10.909,0,0,0,0,0,0,0,0,0,0,0,0,0,0,0,0,0,0,0,0,0,0,0,0,0,0,0,0,0,0,0,0,0,0,0,0,0,0,0,0,0,0,0,0,0,0,0,0,0,0,0,0,0,0,0,0,0,NA,NA,NA,NA,NA,NA,NA,NA,NA,NA,NA,NA,NA,NA,NA,NA,NA,NA,NA,NA,NA,NA,NA,NA,NA,NA,NA,NA,NA,NA,NA,NA,10.909,0,21.818,3.636,0,2021a,2NQ9TT
31,France,10,10,1981-06-14,198106,31220,French Communist Party,PCF,20,106,999,1982,NA,NA,16.126,0,NA,43,474,1,10,,84,0,1.2,1.2,0,0,1.2,3.6,1.2,0,0,0,2.4,7.100000000000001,0,0,2.4,0,1.2,1.2,1.2,0,4.8,3.6,0,0,3.6,0,1.2,2.4,1.2,2.4,6,6,0,0,0,1.2,2.4,10.7,3.6,0,2.4,0,2.4,0,0,0,1.2,0,0,0,6,0,2.4,2.4,3.6,7.100000000000001,0,0,0,0,0,0,0,0,0,0,0,0,0,0,0,0,0,0,0,0,0,0,0,0,0,0,0,0,0,0,0,0,0,0,0,0,0,0,0,0,0,0,0,0,0,0,0,0,0,0,0,0,0,0,NA,NA,NA,NA,NA,NA,NA,NA,NA,NA,NA,NA,NA,NA,NA,NA,NA,NA,NA,NA,NA,NA,NA,NA,NA,NA,NA,NA,NA,NA,NA,NA,-32.3,9.6,0,14.3,6,2021a,1U5ZLH
31,France,10,10,1981-06-14,198106,31320,Socialist Party,PS,30,106,999,1982,NA,NA,36.57,0,NA,268,474,1,10,,132,0,2.6,0,1.7,0.9,2.6,2.6,2.6,2.6,1.7,0,4.3,6.100000000000001,0,7,8.700000000000001,0,0,0,0,0,0.9,3.5,0.9,0,0,0,0.9,1.7,1.7,0.9,0.9,5.2,0,0,0,0,7.8,5.2,2.6,0,3.5,0,0,4.3,0,2.6,0,0,1.7,0,1.7,0,1.7,0.9,5.2,2.6,0,0,0,0,0,0,0,0,0,0,0,0,0,0,0,0,0,0,0,0,0,0,0,0,0,0,0,0,0,0,0,0,0,0,0,0,0,0,0,0,0,0,0,0,0,0,0,0,0,0,0,0,0,0,NA,NA,NA,NA,NA,NA,NA,NA,NA,NA,NA,NA,NA,NA,NA,NA,NA,NA,NA,NA,NA,NA,NA,NA,NA,NA,NA,NA,NA,NA,NA,NA,-27.8,5.3,0,7.8,5.2,2021a,5X7KN1
31,France,10,10,1981-06-14,198106,31621,Union for a New Majority - Gaullists/Conservatives,,60,106,999,1982,NA,NA,21.242,0,NA,80,474,2,10,,112,0,1.8,0,0,2.7,0,0,0.9,0,0,0,6.3,5.4,0.9,0,1.8,0,0.9,0,1.8,6.3,4.5,0,0,0,0,0.9,4.5,0.9,4.5,2.7,0,0,4.5,0,0,0.9,1.8,6.3,10.7,0,4.5,0,3.6,0,0,0,0.9,5.4,1.8,0,0.9,0,4.5,2.7,0.9,4.5,0,0,0,0,0,0,0,0,0,0,0,0,0,0,0,0,0,0,0,0,0,0,0,0,0,0,0,0,0,0,0,0,0,0,0,0,0,0,0,0,0,0,0,0,0,0,0,0,0,0,0,0,0,0,NA,NA,NA,NA,NA,NA,NA,NA,NA,NA,NA,NA,NA,NA,NA,NA,NA,NA,NA,NA,NA,NA,NA,NA,NA,NA,NA,NA,NA,NA,NA,NA,15.4,0,10.8,17,0,2021a,H4G9AE
31,France,10,10,1981-06-14,198106,31622,Union for a New Majority - Conservatives/Gaullists,,60,106,999,1982,NA,NA,2.72,0,NA,10,474,2,10,,112,0,1.8,0,0,2.7,0,0,0.9,0,0,0,6.3,5.4,0.9,0,1.8,0,0.9,0,1.8,6.3,4.5,0,0,0,0,0.9,4.5,0.9,4.5,2.7,0,0,4.5,0,0,0.9,1.8,6.3,10.7,0,4.5,0,3.6,0,0,0,0.9,5.4,1.8,0,0.9,0,4.5,2.7,0.9,4.5,0,0,0,0,0,0,0,0,0,0,0,0,0,0,0,0,0,0,0,0,0,0,0,0,0,0,0,0,0,0,0,0,0,0,0,0,0,0,0,0,0,0,0,0,0,0,0,0,0,0,0,0,0,0,NA,NA,NA,NA,NA,NA,NA,NA,NA,NA,NA,NA,NA,NA,NA,NA,NA,NA,NA,NA,NA,NA,NA,NA,NA,NA,NA,NA,NA,NA,NA,NA,15.4,0,10.8,17,0,2021a,BY3C7A
31,France,10,10,1981-06-14,198106,31624,Union for French Democracy,UDF,60,998,998,NA,NA,NA,18.945,0,NA,59,474,3,10,,55,1.818,0,0,0,0,0,0,0,0,0,0,0,3.636,0,0,5.455,0,5.455,1.818,0,1.818,3.636,0,0,0,3.636,0,1.818,5.455,5.455,3.636,0,0,20,0,0,5.455,5.455,0,3.636,3.636,7.273000000000001,0,0,0,0,0,0,0,0,0,0,0,10.909,0,0,0,0,0,0,0,0,0,0,0,0,0,0,0,0,0,0,0,0,0,0,0,0,0,0,0,0,0,0,0,0,0,0,0,0,0,0,0,0,0,0,0,0,0,0,0,0,0,0,0,0,0,0,0,0,0,NA,NA,NA,NA,NA,NA,NA,NA,NA,NA,NA,NA,NA,NA,NA,NA,NA,NA,NA,NA,NA,NA,NA,NA,NA,NA,NA,NA,NA,NA,NA,NA,10.909,0,21.818,3.636,0,2021a,WYFZJ7
31,France,10,10,1986-03-16,198603,31220,French Communist Party,PCF,20,106,999,1989,NA,NA,9.688,0,NA,32,556,1,10,,119,0,0,0.8,0,0,0.8,2.5,4.2,0,0.8,0.8,4.2,5.9,0,1.7,1.7,0,0.8,1.7,0,0,4.2,2.5,0.8,0,1.7,0,4.2,1.7,0.8,1.7,6.7,1.7,0,0,0,0.8,1.7,12.6,5.9,0,3.4,0,0.8,0,0,0.8,2.5,2.5,2.5,0,4.2,0,1.7,1.7,1.7,4.2,0,0,0,0,0,0,0,0,0,0,0,0,0,0,0,0,0,0,0,0,0,0,0,0,0,0,0,0,0,0,0,0,0,0,0,0,0,0,0,0,0,0,0,0,0,0,0,0,0,0,0,0,0,0,NA,NA,NA,NA,NA,NA,NA,NA,NA,NA,NA,NA,NA,NA,NA,NA,NA,NA,NA,NA,NA,NA,NA,NA,NA,NA,NA,NA,NA,NA,NA,NA,-26.1,10,0,18.5,4.1,2021a,FILZYU
31,France,10,10,1986-03-16,198603,31320,Socialist Party,PS,30,106,999,1989,NA,NA,31.299,0,NA,198,556,1,10,,82,0,2.4,0,0,2.4,0,2.4,3.7,4.9,0,0,9.8,3.7,0,0,3.7,0,0,0,0,0,2.4,2.4,2.4,0,0,0,2.4,0,6.100000000000001,3.7,1.2,3.7,0,0,0,1.2,1.2,12.2,6.100000000000001,0,3.7,0,1.2,0,0,0,2.4,4.9,1.2,0,2.4,0,0,1.2,1.2,3.7,0,0,0,0,0,0,0,0,0,0,0,0,0,0,0,0,0,0,0,0,0,0,0,0,0,0,0,0,0,0,0,0,0,0,0,0,0,0,0,0,0,0,0,0,0,0,0,0,0,0,0,0,0,0,NA,NA,NA,NA,NA,NA,NA,NA,NA,NA,NA,NA,NA,NA,NA,NA,NA,NA,NA,NA,NA,NA,NA,NA,NA,NA,NA,NA,NA,NA,NA,NA,-8.6,6,0,18.3,2.4,2021a,766UB8
31,France,10,10,1986-03-16,198603,31621,Union for a New Majority - Gaullists/Conservatives,,60,106,999,1989,NA,NA,26.843,0,NA,146,556,1,10,,79,0,2.5,0,0,2.5,0,0,1.3,3.8,0,0,7.600000000000001,1.3,0,1.3,2.5,0,0,0,1.3,12.7,5.100000000000001,1.3,0,0,0,0,3.8,0,2.5,6.3,0,0,7.600000000000001,0,0,1.3,2.5,2.5,3.8,0,2.5,0,3.8,0,1.3,0,6.3,2.5,2.5,0,0,0,1.3,1.3,1.3,3.8,0,0,0,0,0,0,0,0,0,0,0,0,0,0,0,0,0,0,0,0,0,0,0,0,0,0,0,0,0,0,0,0,0,0,0,0,0,0,0,0,0,0,0,0,0,0,0,0,0,0,0,0,0,0,NA,NA,NA,NA,NA,NA,NA,NA,NA,NA,NA,NA,NA,NA,NA,NA,NA,NA,NA,NA,NA,NA,NA,NA,NA,NA,NA,NA,NA,NA,NA,NA,40.5,1.3,20.3,6.3,0,2021a,BDKP6Q
31,France,10,10,1986-03-16,198603,31622,Union for a New Majority - Conservatives/Gaullists,,60,998,998,NA,NA,NA,1.92,0,NA,4,556,3,10,,112,0,1.8,0,0,2.7,0,0,0.9,0,0,0,6.3,5.4,0.9,0,1.8,0,0.9,0,1.8,6.3,4.5,0,0,0,0,0.9,4.5,0.9,4.5,2.7,0,0,4.5,0,0,0.9,1.8,6.3,10.7,0,4.5,0,3.6,0,0,0,0.9,5.4,1.8,0,0.9,0,4.5,2.7,0.9,4.5,0,0,0,0,0,0,0,0,0,0,0,0,0,0,0,0,0,0,0,0,0,0,0,0,0,0,0,0,0,0,0,0,0,0,0,0,0,0,0,0,0,0,0,0,0,0,0,0,0,0,0,0,0,0,NA,NA,NA,NA,NA,NA,NA,NA,NA,NA,NA,NA,NA,NA,NA,NA,NA,NA,NA,NA,NA,NA,NA,NA,NA,NA,NA,NA,NA,NA,NA,NA,15.4,0,10.8,17,0,2021a,5NRHST
31,France,10,10,1986-03-16,198603,31624,Union for French Democracy,UDF,60,998,998,NA,NA,NA,15.829,0,NA,128,556,3,10,,55,1.818,0,0,0,0,0,0,0,0,0,0,0,3.636,0,0,5.455,0,5.455,1.818,0,1.818,3.636,0,0,0,3.636,0,1.818,5.455,5.455,3.636,0,0,20,0,0,5.455,5.455,0,3.636,3.636,7.273000000000001,0,0,0,0,0,0,0,0,0,0,0,10.909,0,0,0,0,0,0,0,0,0,0,0,0,0,0,0,0,0,0,0,0,0,0,0,0,0,0,0,0,0,0,0,0,0,0,0,0,0,0,0,0,0,0,0,0,0,0,0,0,0,0,0,0,0,0,0,0,0,NA,NA,NA,NA,NA,NA,NA,NA,NA,NA,NA,NA,NA,NA,NA,NA,NA,NA,NA,NA,NA,NA,NA,NA,NA,NA,NA,NA,NA,NA,NA,NA,10.909,0,21.818,3.636,0,2021a,KR6FY1
31,France,10,10,1986-03-16,198603,31720,National Front,FN,70,106,999,1989,NA,NA,9.828,0,NA,35,556,1,10,,670,29.104,0.746,0.299,0,2.687,0,0,2.09,2.239,0.448,0.896,2.687,1.642,0.448,0,2.388,0.149,4.776,1.194,1.94,7.91,0.746,0,0,0,0.299,0.299,0.746,0,0.448,0.896,0,0,0,0,0,1.493,1.343,0.746,0,1.194,1.343,0.299,4.627,0.896,8.06,0,4.179,1.493,0,4.03,1.642,1.045,0.299,0.597,0,1.642,0,0,0,0,0,0,0,0,0,0,0,0,0,0,0,0,0,0,0,0,0,0,0,0,0,0,0,0,0,0,0,0,0,0,0,0,0,0,0,0,0,0,0,0,0,0,0,0,0,0,0,0,0,0,NA,NA,NA,NA,NA,NA,NA,NA,NA,NA,NA,NA,NA,NA,NA,NA,NA,NA,NA,NA,NA,NA,NA,NA,NA,NA,NA,NA,NA,NA,NA,NA,29.254,0,7.91,0.746,0.299,2021a,CG98N6
31,France,10,10,1988-06-05,198806,31220,French Communist Party,PCF,20,106,999,1989,NA,NA,11.175,0,NA,24,555,1,10,,55,0,0,0,0,0,0,3.6,1.8,0,0,0,3.6,3.6,0,1.8,1.8,0,1.8,1.8,0,0,3.6,3.6,0,0,3.6,0,1.8,1.8,0,1.8,3.6,1.8,0,0,0,1.8,1.8,9.1,3.6,0,3.6,0,1.8,0,1.8,0,5.5,1.8,5.5,0,9.1,0,3.6,1.8,1.8,5.5,0,0,0,0,0,0,0,0,0,0,0,0,0,0,0,0,0,0,0,0,0,0,0,0,0,0,0,0,0,0,0,0,0,0,0,0,0,0,0,0,0,0,0,0,0,0,0,0,0,0,0,0,0,0,NA,NA,NA,NA,NA,NA,NA,NA,NA,NA,NA,NA,NA,NA,NA,NA,NA,NA,NA,NA,NA,NA,NA,NA,NA,NA,NA,NA,NA,NA,NA,NA,-19.8,7.2,0,12.7,3.6,2021a,UO1X6N
31,France,10,10,1988-06-05,198806,31320,Socialist Party,PS,30,106,999,1989,NA,NA,36.557,0,NA,260,555,1,10,,118,0,1.7,0,0,1.7,0,3.4,1.7,5.100000000000001,0,0,3.4,5.9,0.8,0,2.5,0,1.7,0,0,0.8,4.2,1.7,1.7,0,0,0,2.5,0,4.2,2.5,0.8,1.7,0.8,0,0,1.7,2.5,12.7,5.9,0,5.9,0,1.7,0,0,0,0,3.4,1.7,0,1.7,0,1.7,4.2,5.100000000000001,2.8,0,0,0,0,0,0,0,0,0,0,0,0,0,0,0,0,0,0,0,0,0,0,0,0,0,0,0,0,0,0,0,0,0,0,0,0,0,0,0,0,0,0,0,0,0,0,0,0,0,0,0,0,0,0,NA,NA,NA,NA,NA,NA,NA,NA,NA,NA,NA,NA,NA,NA,NA,NA,NA,NA,NA,NA,NA,NA,NA,NA,NA,NA,NA,NA,NA,NA,NA,NA,-13.6,4.2,1.6,18.6,3.4,2021a,QDRHHB
31,France,10,10,1988-06-05,198806,31621,Union for a New Majority - Gaullists/Conservatives,,60,106,999,1989,NA,NA,19.076,0,NA,123,555,1,10,,47,0,2.1,0,0,2.1,0,2.1,0,10.6,0,0,4.3,2.1,4.3,0,2.1,0,0,0,0,10.6,4.3,0,0,0,0,0,4.3,0,2.1,2.1,0,0,4.3,0,0,0,0,6.4,8.5,0,4.3,0,0,0,2.1,0,0,8.5,0,0,0,0,4.3,0,4.3,4.3,0,0,0,0,0,0,0,0,0,0,0,0,0,0,0,0,0,0,0,0,0,0,0,0,0,0,0,0,0,0,0,0,0,0,0,0,0,0,0,0,0,0,0,0,0,0,0,0,0,0,0,0,0,0,NA,NA,NA,NA,NA,NA,NA,NA,NA,NA,NA,NA,NA,NA,NA,NA,NA,NA,NA,NA,NA,NA,NA,NA,NA,NA,NA,NA,NA,NA,NA,NA,23.5,0,14.9,14.9,2.1,2021a,HVYKAL
31,France,10,10,1988-06-05,198806,31622,Union for a New Majority - Conservatives/Gaullists,,60,998,998,NA,NA,NA,2.73,0,NA,8,555,3,10,,112,0,1.8,0,0,2.7,0,0,0.9,0,0,0,6.3,5.4,0.9,0,1.8,0,0.9,0,1.8,6.3,4.5,0,0,0,0,0.9,4.5,0.9,4.5,2.7,0,0,4.5,0,0,0.9,1.8,6.3,10.7,0,4.5,0,3.6,0,0,0,0.9,5.4,1.8,0,0.9,0,4.5,2.7,0.9,4.5,0,0,0,0,0,0,0,0,0,0,0,0,0,0,0,0,0,0,0,0,0,0,0,0,0,0,0,0,0,0,0,0,0,0,0,0,0,0,0,0,0,0,0,0,0,0,0,0,0,0,0,0,0,0,NA,NA,NA,NA,NA,NA,NA,NA,NA,NA,NA,NA,NA,NA,NA,NA,NA,NA,NA,NA,NA,NA,NA,NA,NA,NA,NA,NA,NA,NA,NA,NA,15.4,0,10.8,17,0,2021a,B6R9UD
31,France,10,10,1988-06-05,198806,31624,Union for French Democracy,UDF,60,998,998,NA,NA,NA,18.574,0,NA,130,555,3,10,,55,1.818,0,0,0,0,0,0,0,0,0,0,0,3.636,0,0,5.455,0,5.455,1.818,0,1.818,3.636,0,0,0,3.636,0,1.818,5.455,5.455,3.636,0,0,20,0,0,5.455,5.455,0,3.636,3.636,7.273000000000001,0,0,0,0,0,0,0,0,0,0,0,10.909,0,0,0,0,0,0,0,0,0,0,0,0,0,0,0,0,0,0,0,0,0,0,0,0,0,0,0,0,0,0,0,0,0,0,0,0,0,0,0,0,0,0,0,0,0,0,0,0,0,0,0,0,0,0,0,0,0,NA,NA,NA,NA,NA,NA,NA,NA,NA,NA,NA,NA,NA,NA,NA,NA,NA,NA,NA,NA,NA,NA,NA,NA,NA,NA,NA,NA,NA,NA,NA,NA,10.909,0,21.818,3.636,0,2021a,7Z219G
31,France,10,10,1988-06-05,198806,31720,National Front,FN,70,998,998,NA,NA,NA,9.788,0,NA,1,555,3,10,,372.5,16.552,0.373,0.149,0,4.01,0,0,1.045,1.119,2.224,1.114,3.343,3.488,0.224,0,1.194,0.075,2.388,1.264,0.97,5.289,2.373,0.667,0,0,2.816,0.149,0.373,0,0.224,0.448,0,0,0.667,0,0,4.746,0.672,0.373,0,1.264,0.672,0.149,10.98,0.448,11.363,0,8.09,0.746,0,2.015,0.8210000000000001,1.189,2.149,0.299,0,1.488,0,0,0,0,0,0,0,0,0,0,0,0,0,0,0,0,0,0,0,0,0,0,0,0,0,0,0,0,0,0,0,0,0,0,0,0,0,0,0,0,0,0,0,0,0,0,0,0,0,0,0,0,0,0,NA,NA,NA,NA,NA,NA,NA,NA,NA,NA,NA,NA,NA,NA,NA,NA,NA,NA,NA,NA,NA,NA,NA,NA,NA,NA,NA,NA,NA,NA,NA,NA,39.96,0.667,5.955,0.373,0.149,2021a,PYZNO1
31,France,10,10,1993-03-21,199303,31110,The Greens,Les Verts,10,106,999,1994,NA,NA,7.84,0,NA,0,577,1,10,,65,15.385,0,0,1.538,0,1.538,1.538,4.615,0,0,0,3.077,4.615,0,0,4.615,0,0,0,0,1.538,3.077,6.154,0,0,0,0,1.538,0,0,0,0,0,0,0,0,15.385,3.077,6.154,7.692,0,4.615,0,0,1.538,0,0,0,0,0,0,1.538,0,3.077,3.077,0,4.615,0,0,0,0,0,0,0,0,0,0,0,0,0,0,0,0,0,0,0,0,0,0,0,0,0,0,0,0,0,0,0,0,0,0,0,0,0,0,0,0,0,0,0,0,0,0,0,0,0,0,0,0,0,0,NA,NA,NA,NA,NA,NA,NA,NA,NA,NA,NA,NA,NA,NA,NA,NA,NA,NA,NA,NA,NA,NA,NA,NA,NA,NA,NA,NA,NA,NA,NA,NA,-26.154,6.154,1.538,13.846,3.077,2021a,IJNKNR
31,France,10,10,1993-03-21,199303,31220,French Communist Party,PCF,20,106,999,1994,NA,NA,9.14,0,NA,23,577,1,10,,147,6.803,0,0,2.041,0.68,1.361,3.401,2.721,0.68,0,1.361,4.082,2.721,0.68,0,2.041,0.68,1.361,0,2.041,0,0.68,2.041,1.361,0.68,2.041,0.68,4.082,5.442,1.361,2.041,12.245,1.361,0,0,0,0,1.361,6.803,8.163,0,2.721,0,0,0,0,0,0.68,0,0,0,5.442,0,2.721,1.361,2.721,1.361,0,0,0,0,0,0,0,0,0,0,0,0,0,0,0,0,0,0,0,0,0,0,0,0,0,0,0,0,0,0,0,0,0,0,0,0,0,0,0,0,0,0,0,0,0,0,0,0,0,0,0,0,0,0,NA,NA,NA,NA,NA,NA,NA,NA,NA,NA,NA,NA,NA,NA,NA,NA,NA,NA,NA,NA,NA,NA,NA,NA,NA,NA,NA,NA,NA,NA,NA,NA,-38.095,15.646,0,14.966,4.762,2021a,DNWVB5
31,France,10,10,1993-03-21,199303,31320,Socialist Party,PS,30,106,999,1994,NA,NA,19.04,0,NA,57,577,1,10,,125,6.4,0,0,0.8,0.8,0,3.2,3.2,3.2,0,0,4,4.8,0.8,0,3.2,0,2.4,0,1.6,0.8,1.6,2.4,2.4,0,0,0.8,3.2,4.8,4.8,1.6,2.4,0,0.8,0,0,3.2,1.6,6.4,8.8,0,4.8,0,0,0,0,0,0.8,0.8,0,0,3.2,0,3.2,1.6,3.2,2.4,0,0,0,0,0,0,0,0,0,0,0,0,0,0,0,0,0,0,0,0,0,0,0,0,0,0,0,0,0,0,0,0,0,0,0,0,0,0,0,0,0,0,0,0,0,0,0,0,0,0,0,0,0,0,NA,NA,NA,NA,NA,NA,NA,NA,NA,NA,NA,NA,NA,NA,NA,NA,NA,NA,NA,NA,NA,NA,NA,NA,NA,NA,NA,NA,NA,NA,NA,NA,-23.2,7.2,1.6,15.2,3.2,2021a,Z64SGH
31,France,10,10,1993-03-21,199303,31624,Union for French Democracy,UDF,60,106,999,1994,NA,NA,19.62,0,NA,215,577,1,10,,55,1.818,0,0,0,0,0,0,0,0,0,0,0,3.636,0,0,5.455,0,5.455,1.818,0,1.818,3.636,0,0,0,3.636,0,1.818,5.455,5.455,3.636,0,0,20,0,0,5.455,5.455,0,3.636,3.636,7.273000000000001,0,0,0,0,0,0,0,0,0,0,0,10.909,0,0,0,0,0,0,0,0,0,0,0,0,0,0,0,0,0,0,0,0,0,0,0,0,0,0,0,0,0,0,0,0,0,0,0,0,0,0,0,0,0,0,0,0,0,0,0,0,0,0,0,0,0,0,0,0,0,NA,NA,NA,NA,NA,NA,NA,NA,NA,NA,NA,NA,NA,NA,NA,NA,NA,NA,NA,NA,NA,NA,NA,NA,NA,NA,NA,NA,NA,NA,NA,NA,10.909,0,21.818,3.636,0,2021a,7WOF72
31,France,10,10,1993-03-21,199303,31625,Rally for the Republic,RPR,60,106,999,1994,NA,NA,20.24,0,NA,257,577,1,10,,127,6.299,4.724,0,0,0,0,0.787,0,0,0,0,0,0,0,0,3.937,1.575,3.937,0.787,2.362,3.937,2.362,3.15,0,0.787,1.575,0,2.362,6.299,5.512,3.15,5.512,0,3.15,0,0,3.15,2.362,4.724,5.512,0,4.724,0,2.362,0,1.575,0,0.787,0,0,0,0,0,4.724,0.787,3.937,3.15,0,0,0,0,0,0,0,0,0,0,0,0,0,0,0,0,0,0,0,0,0,0,0,0,0,0,0,0,0,0,0,0,0,0,0,0,0,0,0,0,0,0,0,0,0,0,0,0,0,0,0,0,0,0,NA,NA,NA,NA,NA,NA,NA,NA,NA,NA,NA,NA,NA,NA,NA,NA,NA,NA,NA,NA,NA,NA,NA,NA,NA,NA,NA,NA,NA,NA,NA,NA,-4.724,8.661,7.087,10.236,0.787,2021a,MA9A96
31,France,10,10,1993-03-21,199303,31720,National Front,FN,70,998,998,NA,NA,NA,12.68,0,NA,0,577,3,10,,372.5,16.552,0.373,0.149,0,4.01,0,0,1.045,1.119,2.224,1.114,3.343,3.488,0.224,0,1.194,0.075,2.388,1.264,0.97,5.289,2.373,0.667,0,0,2.816,0.149,0.373,0,0.224,0.448,0,0,0.667,0,0,4.746,0.672,0.373,0,1.264,0.672,0.149,10.98,0.448,11.363,0,8.09,0.746,0,2.015,0.8210000000000001,1.189,2.149,0.299,0,1.488,0,0,0,0,0,0,0,0,0,0,0,0,0,0,0,0,0,0,0,0,0,0,0,0,0,0,0,0,0,0,0,0,0,0,0,0,0,0,0,0,0,0,0,0,0,0,0,0,0,0,0,0,0,0,NA,NA,NA,NA,NA,NA,NA,NA,NA,NA,NA,NA,NA,NA,NA,NA,NA,NA,NA,NA,NA,NA,NA,NA,NA,NA,NA,NA,NA,NA,NA,NA,39.96,0.667,5.955,0.373,0.149,2021a,9NGYTT
31,France,10,10,1997-05-25,199705,31110,The Greens,Les Verts,10,106,999,1997,NA,NA,3.592,0,NA,8,577,1,10,,48,10.417,0,0,0,0,2.083,2.083,2.083,14.583,0,0,0,10.417,0,0,2.083,0,0,0,0,0,0,0,0,0,0,0,0,0,0,0,0,0,0,0,0,25,0,12.5,10.417,0,0,0,0,0,0,2.083,0,0,0,0,0,0,0,0,6.25,0,0,0,0,0,0,0,0,0,0,0,0,0,0,0,0,0,0,0,0,0,0,0,0,0,0,0,0,0,0,0,0,0,0,0,0,0,0,0,0,0,0,0,0,0,0,0,0,0,0,0,0,0,0,0,NA,NA,NA,NA,NA,NA,NA,NA,NA,NA,NA,NA,NA,NA,NA,NA,NA,NA,NA,NA,NA,NA,NA,NA,NA,NA,NA,NA,NA,NA,NA,NA,-27.083,0,0,22.917,4.167,2021a,Z9DJM6
31,France,10,10,1997-05-25,199705,31111,Ecology Generation,GE,10,106,999,1997,NA,NA,2.674,0,NA,0,577,1,10,,123,14.634,0,0,0,0,0,0.8130000000000001,1.626,4.065,0,0.8130000000000001,5.691,8.13,0,0,4.065,0,2.439,4.878,0.8130000000000001,2.439,4.065,2.439,0.8130000000000001,0.8130000000000001,0,0,0,0.8130000000000001,0,0,0,0,0,0,0,13.821,1.626,4.878,3.252,0,2.439,0,3.252,0,1.626,0,0.8130000000000001,0.8130000000000001,0,0,0,0,7.317,0,0,0.8130000000000001,0,0,0,0,0,0,0,0,0,0,0,0,0,0,0,0,0,0,0,0,0,0,0,0,0,0,0,0,0,0,0,0,0,0,0,0,0,0,0,0,0,0,0,0,0,0,0,0,0,0,0,0,0,0,NA,NA,NA,NA,NA,NA,NA,NA,NA,NA,NA,NA,NA,NA,NA,NA,NA,NA,NA,NA,NA,NA,NA,NA,NA,NA,NA,NA,NA,NA,NA,NA,0,3.252,2.439,8.13,0.8130000000000001,2021a,DPVV39
31,France,10,10,1997-05-25,199705,31220,French Communist Party,PCF,20,106,999,1997,NA,NA,9.901,0,NA,37,577,1,10,,70,11.429,0,0,1.429,0,1.429,4.286,0,0,0,4.286,1.429,5.714,0,0,0,0,0,1.429,0,0,1.429,0,0,0,0,0,1.429,8.571,0,0,1.429,7.143,0,0,0,2.857,1.429,14.286,11.429,0,2.857,0,0,0,0,0,4.286,0,0,0,4.286,0,2.857,0,4.286,0,0,0,0,0,0,0,0,0,0,0,0,0,0,0,0,0,0,0,0,0,0,0,0,0,0,0,0,0,0,0,0,0,0,0,0,0,0,0,0,0,0,0,0,0,0,0,0,0,0,0,0,0,0,0,NA,NA,NA,NA,NA,NA,NA,NA,NA,NA,NA,NA,NA,NA,NA,NA,NA,NA,NA,NA,NA,NA,NA,NA,NA,NA,NA,NA,NA,NA,NA,NA,-32.857,1.429,0,25.714,5.714,2021a,KYPNEO
31,France,10,10,1997-05-25,199705,31320,Socialist Party,PS,30,106,999,1997,NA,NA,25.484,0,NA,246,577,1,10,,143,11.189,3.497,0,0.6990000000000001,0,0,0.6990000000000001,0.6990000000000001,11.888,0,0,4.196,9.091,0,0,0,0,2.098,0,0,0,4.196,1.399,0,0,0,0,0,2.797,0.6990000000000001,2.797,0,2.098,0,0,0,4.196,2.797,11.888,4.196,0.6990000000000001,6.993,0,0,0,0,0,3.497,0,0,0,0,0,3.497,0,2.098,2.098,0,0,0,0,0,0,0,0,0,0,0,0,0,0,0,0,0,0,0,0,0,0,0,0,0,0,0,0,0,0,0,0,0,0,0,0,0,0,0,0,0,0,0,0,0,0,0,0,0,0,0,0,0,0,NA,NA,NA,NA,NA,NA,NA,NA,NA,NA,NA,NA,NA,NA,NA,NA,NA,NA,NA,NA,NA,NA,NA,NA,NA,NA,NA,NA,NA,NA,NA,NA,-13.287,1.399,0,16.084,0.6990000000000001,2021a,B4HN4D
31,France,10,10,1997-05-25,199705,31624,Union for French Democracy,UDF,60,106,999,1997,NA,NA,14.689,0,NA,109,577,2,10,,61,9.836,1.639,0,0,0,0,1.639,1.639,4.918,0,0,8.197000000000001,4.918,0,0,4.918,0,3.279,0,0,0,6.557,0,0,0,0,0,4.918,0,0,3.279,0,0,0,0,0,3.279,1.639,8.197000000000001,4.918,1.639,8.197000000000001,0,0,0,1.639,0,4.918,1.639,0,0,0,0,1.639,0,3.279,3.279,0,0,0,0,0,0,0,0,0,0,0,0,0,0,0,0,0,0,0,0,0,0,0,0,0,0,0,0,0,0,0,0,0,0,0,0,0,0,0,0,0,0,0,0,0,0,0,0,0,0,0,0,0,0,NA,NA,NA,NA,NA,NA,NA,NA,NA,NA,NA,NA,NA,NA,NA,NA,NA,NA,NA,NA,NA,NA,NA,NA,NA,NA,NA,NA,NA,NA,NA,NA,3.279,0,0,13.115,1.639,2021a,UPZ3H9
31,France,10,10,1997-05-25,199705,31625,Rally for the Republic,RPR,60,106,999,1997,NA,NA,16.801,0,NA,139,577,2,10,,61,9.836,1.639,0,0,0,0,1.639,1.639,4.918,0,0,8.197000000000001,4.918,0,0,4.918,0,3.279,0,0,0,6.557,0,0,0,0,0,4.918,0,0,3.279,0,0,0,0,0,3.279,1.639,8.197000000000001,4.918,1.639,8.197000000000001,0,0,0,1.639,0,4.918,1.639,0,0,0,0,1.639,0,3.279,3.279,0,0,0,0,0,0,0,0,0,0,0,0,0,0,0,0,0,0,0,0,0,0,0,0,0,0,0,0,0,0,0,0,0,0,0,0,0,0,0,0,0,0,0,0,0,0,0,0,0,0,0,0,0,0,NA,NA,NA,NA,NA,NA,NA,NA,NA,NA,NA,NA,NA,NA,NA,NA,NA,NA,NA,NA,NA,NA,NA,NA,NA,NA,NA,NA,NA,NA,NA,NA,3.279,0,0,13.115,1.639,2021a,4ZSY4Z
31,France,10,10,1997-05-25,199705,31720,National Front,FN,70,106,999,1997,NA,NA,14.932,0,NA,1,577,1,10,,75,4,0,0,0,5.333,0,0,0,0,4,1.333,4,5.333,0,0,0,0,0,1.333,0,2.667,4,1.333,0,0,5.333,0,0,0,0,0,0,0,1.333,0,0,8,0,0,0,1.333,0,0,17.333,0,14.667,0,12,0,0,0,0,1.333,4,0,0,1.333,0,0,0,0,0,0,0,0,0,0,0,0,0,0,0,0,0,0,0,0,0,0,0,0,0,0,0,0,0,0,0,0,0,0,0,0,0,0,0,0,0,0,0,0,0,0,0,0,0,0,0,0,0,0,NA,NA,NA,NA,NA,NA,NA,NA,NA,NA,NA,NA,NA,NA,NA,NA,NA,NA,NA,NA,NA,NA,NA,NA,NA,NA,NA,NA,NA,NA,NA,NA,50.667,1.333,4,0,0,2021a,KE5A65
31,France,10,10,2002-06-09,200206,31110,The Greens,Les Verts,10,106,999,2003,NA,NA,4.44,0,NA,3,577,1,20,,266,0,0,0,0.376,0,0,0,1.88,1.128,0,0,2.632,9.774000000000001,5.263,0,5.263,0,0.376,0,0,0,1.88,1.88,1.128,1.128,0,0,0.376,0,0,2.632,0,0,0,0,0,20.677,0,11.278,6.391,0,3.383,0.376,0,0,0,0,3.383,4.511,1.504,0,5.639,0,2.256,0,3.759,1.128,0,0,0,0,0,0,0,0,0,0,0,0,0,0,0,0,0,0,0,0,0,0,0,0,0,0,0,0,0,0,0,0,0,0,0,0,0,0,0,0,0,0,0,0,0,0,0,0,0,0,0,0,0,0,NA,NA,NA,NA,NA,NA,NA,NA,NA,NA,NA,NA,NA,NA,NA,NA,NA,NA,NA,NA,NA,NA,NA,NA,NA,NA,NA,NA,NA,NA,NA,NA,-12.782,3.008,0,17.669,0,2021a,OPHATG
31,France,10,10,2002-06-09,200206,31220,French Communist Party,PCF,20,106,999,2003,NA,NA,4.91,0,NA,21,577,1,20,,80,0,0,0,0,0,0,2.5,3.75,7.5,3.75,0,0,8.75,2.5,0,1.25,0,6.25,0,0,0,10,0,0,1.25,0,0,0,0,0,0,0,2.5,0,0,0,1.25,0,13.75,11.25,0,1.25,0,0,0,0,0,2.5,5,0,0,7.5,0,0,0,1.25,6.25,0,0,0,0,0,0,0,0,0,0,0,0,0,0,0,0,0,0,0,0,0,0,0,0,0,0,0,0,0,0,0,0,0,0,0,0,0,0,0,0,0,0,0,0,0,0,0,0,0,0,0,0,0,0,NA,NA,NA,NA,NA,NA,NA,NA,NA,NA,NA,NA,NA,NA,NA,NA,NA,NA,NA,NA,NA,NA,NA,NA,NA,NA,NA,NA,NA,NA,NA,NA,-17.5,0,0,25,2.5,2021a,M7WNJP
31,France,10,10,2002-06-09,200206,31320,Socialist Party,PS,30,106,999,2003,NA,NA,25.29,0,NA,141,577,1,20,,348,0,0.5750000000000001,0,0.5750000000000001,0,0,0.5750000000000001,3.161,2.586,0,0.287,0.287,1.149,4.31,0,4.023,0,3.736,0.5750000000000001,0,0,2.011,2.011,0.287,1.149,0,0,0.862,0.287,1.437,4.023,0,0.862,0,0,0.287,0.5750000000000001,2.299,12.644,10.92,0,10.057,0,0.287,0,1.437,0,6.897,3.161,1.437,0,4.885,0,0.5750000000000001,0,3.736,6.034,0,0,0,0,0,0,0,0,0,0,0,0,0,0,0,0,0,0,0,0,0,0,0,0,0,0,0,0,0,0,0,0,0,0,0,0,0,0,0,0,0,0,0,0,0,0,0,0,0,0,0,0,0,0,NA,NA,NA,NA,NA,NA,NA,NA,NA,NA,NA,NA,NA,NA,NA,NA,NA,NA,NA,NA,NA,NA,NA,NA,NA,NA,NA,NA,NA,NA,NA,NA,-16.092,2.299,0,23.563,0.5750000000000001,2021a,FSSK46
31,France,10,10,2002-06-09,200206,31624,Union for French Democracy,UDF,60,106,999,2003,NA,NA,4.79,0,NA,29,577,1,20,,347,0,1.441,0,0,0,0,0,3.458,9.51,0,0,4.899,4.035,1.441,0,7.493,0,6.052,0,0,0,3.746,0,0,2.017,0.5760000000000001,0,0,0,0,5.476,0,0,0,0,0,4.899,8.646,1.441,5.476,1.441,5.187,0,0.5760000000000001,0,5.476,0,7.205,2.305,0.865,0,1.153,0,1.441,0,2.594,1.153,0,0,0,0,0,0,0,0,0,0,0,0,0,0,0,0,0,0,0,0,0,0,0,0,0,0,0,0,0,0,0,0,0,0,0,0,0,0,0,0,0,0,0,0,0,0,0,0,0,0,0,0,0,0,NA,NA,NA,NA,NA,NA,NA,NA,NA,NA,NA,NA,NA,NA,NA,NA,NA,NA,NA,NA,NA,NA,NA,NA,NA,NA,NA,NA,NA,NA,NA,NA,7.205,0,0,6.916,0,2021a,94WCGP
31,France,10,10,2002-06-09,200206,31626,Union for the Presidential Majority,UMP,60,106,999,2003,NA,NA,33.37,0,NA,365,577,1,20,,213,0,0.469,0,0.469,0,0,0,1.408,1.878,0,0,0.9390000000000001,3.756,1.878,0,5.164,0.469,4.695,0,0.9390000000000001,0,1.408,1.408,2.817,0.469,0,0,0,0,3.756,1.408,0,0,0,0,0,3.286,0.469,3.286,10.798,0,9.39,0,0,0,0.9390000000000001,0,18.779,0.9390000000000001,0.9390000000000001,0,4.695,0,0.469,0,3.756,8.92,0,0,0,0,0,0,0,0,0,0,0,0,0,0,0,0,0,0,0,0,0,0,0,0,0,0,0,0,0,0,0,0,0,0,0,0,0,0,0,0,0,0,0,0,0,0,0,0,0,0,0,0,0,0,NA,NA,NA,NA,NA,NA,NA,NA,NA,NA,NA,NA,NA,NA,NA,NA,NA,NA,NA,NA,NA,NA,NA,NA,NA,NA,NA,NA,NA,NA,NA,NA,-8.92,4.225,0,14.085,0,2021a,KR2YWY
31,France,10,10,2002-06-09,200206,31720,National Front,FN,70,106,999,2003,NA,NA,11.12,0,NA,0,577,1,20,,312,0,4.167,0,0,5.449,0,0.962,1.282,0,2.885,1.603,2.564,1.603,0.962,1.603,1.282,0.321,0.321,1.282,1.282,2.564,3.205,2.244,0.321,0.641,7.051,0,0,0,0,2.564,0,0,0.321,0,3.846,5.449,4.167,0.641,1.603,1.603,1.923,0.321,8.333,0,8.654,0,9.936,0,0,1.923,0.321,0,3.846,0,0.641,0.321,0,0,0,0,0,0,0,0,0,0,0,0,0,0,0,0,0,0,0,0,0,0,0,0,0,0,0,0,0,0,0,0,0,0,0,0,0,0,0,0,0,0,0,0,0,0,0,0,0,0,0,0,0,0,NA,NA,NA,NA,NA,NA,NA,NA,NA,NA,NA,NA,NA,NA,NA,NA,NA,NA,NA,NA,NA,NA,NA,NA,NA,NA,NA,NA,NA,NA,NA,NA,27.564,2.564,2.885,2.244,0.962,2021a,C23VFA
31,France,10,10,2007-06-10,200706,31110,The Greens,Les Verts,10,106,999,2008,NA,NA,3.251,0,NA,4,577,1,30,,653,0.153,0,0,0,0,1.531,0.153,6.738,5.054,0,0.153,5.819,7.81,0,0.919,2.144,0,0.459,0,1.072,0,2.603,4.288,0,0,0,0,0,0,0,3.369,0,0.459,0.766,0,0.766,13.783,4.594,7.963,10.26,0,7.198,0,0,0,0,1.225,0,0.459,1.378,0,2.45,0,4.288,0,0.613,1.531,0,0,0,0,0,0,0,0,0,0,0,0,0,0,0,0,0,0,0,0,0,0,0,0,0,0,0,0,0,0,0,0,0,0,0,0,0,0,0,0,0,0,0,0,0,0,0,0,0,0,0,0,0,0,NA,NA,NA,NA,NA,NA,NA,NA,NA,NA,NA,NA,NA,NA,NA,NA,NA,NA,NA,NA,NA,NA,NA,NA,NA,NA,NA,NA,NA,NA,NA,NA,-30.168,4.288,0.766,18.224,1.685,2021a,B1CEKA
31,France,10,10,2007-06-10,200706,31220,French Communist Party,PCF,20,106,999,2008,NA,NA,4.287,0,NA,15,577,1,30,,300,0,0,0,1.667,0,1,4,6,3.333,0,0,3,7.333,0,0.667,0.333,0,0.667,0,4,0,1.333,3.333,0,0,0.667,0.333,0.667,0,0,2.333,0,2.667,0,0,0,2.333,5.333,8,15.667,0,6,0,0,0,0,0.667,0.333,0,0,0,8.667,0,3,1.667,0.333,4.667,0,0,0,0,0,0,0,0,0,0,0,0,0,0,0,0,0,0,0,0,0,0,0,0,0,0,0,0,0,0,0,0,0,0,0,0,0,0,0,0,0,0,0,0,0,0,0,0,0,0,0,0,0,0,NA,NA,NA,NA,NA,NA,NA,NA,NA,NA,NA,NA,NA,NA,NA,NA,NA,NA,NA,NA,NA,NA,NA,NA,NA,NA,NA,NA,NA,NA,NA,NA,-48,3.333,0,23.667,5,2021a,SNK1AN
31,France,10,10,2007-06-10,200706,31320,Socialist Party,PS,30,106,999,2008,NA,NA,24.733,0,NA,186,577,1,30,,301,0.332,0.332,0,0,1.993,0,0.332,3.987,3.987,0,0,2.658,3.987,0,2.99,0.332,0,2.99,0,2.326,0,2.326,6.312,0.332,2.658,0,0,0.997,0,0.664,1.661,0.332,0,0.664,0,1.329,3.322,5.316,6.645,14.286,0,5.648,0,2.326,0,0.664,0.664,3.987,1.661,0.664,0.664,4.651,0,2.658,0,1.329,1.993,0,0,0,0,0,0,0,0,0,0,0,0,0,0,0,0,0,0,0,0,0,0,0,0,0,0,0,0,0,0,0,0,0,0,0,0,0,0,0,0,0,0,0,0,0,0,0,0,0,0,0,0,0,0,NA,NA,NA,NA,NA,NA,NA,NA,NA,NA,NA,NA,NA,NA,NA,NA,NA,NA,NA,NA,NA,NA,NA,NA,NA,NA,NA,NA,NA,NA,NA,NA,-21.262,6.977,0.664,20.93,0.332,2021a,I9LS6S
31,France,10,10,2007-06-10,200706,31624,Democratic Movement,MoDem,60,106,999,2008,NA,NA,7.613,0,NA,3,577,1,30,,292,1.027,0,0,0,0,0,0,2.397,7.534,0,0,1.37,7.534,0.342,0.342,2.055,0,8.219,0,3.767,0,2.74,3.767,0,0,0.342,0,1.37,0,2.055,7.877,0,0,1.712,0,1.027,4.452,4.11,5.822,5.137,0,6.507000000000001,0,3.082,0,2.055,1.027,1.027,7.534,0,1.027,1.712,0,0.342,0,0.685,0,0,0,0,0,0,0,0,0,0,0,0,0,0,0,0,0,0,0,0,0,0,0,0,0,0,0,0,0,0,0,0,0,0,0,0,0,0,0,0,0,0,0,0,0,0,0,0,0,0,0,0,0,0,0,NA,NA,NA,NA,NA,NA,NA,NA,NA,NA,NA,NA,NA,NA,NA,NA,NA,NA,NA,NA,NA,NA,NA,NA,NA,NA,NA,NA,NA,NA,NA,NA,-3.767,3.767,1.712,10.959,0,2021a,5DS6ZN
31,France,10,10,2007-06-10,200706,31626,Union for a Popular Movement,UMP,60,106,999,2008,NA,NA,39.54,0,NA,313,577,1,30,,951,0.841,0,0,0,1.262,0.21,0,3.26,4.732,0,0.105,1.577,3.365,0,0,0.9460000000000001,0,6.414,0,2.208,1.262,2.629,1.577,0,0,0.21,0.315,3.049,0,3.47,4.206,0.21,0,1.682,0,0.21,6.099,5.573,3.891,13.67,0.526,9.464,0,1.157,0,1.052,0.105,4.311,2.103,0.105,0.21,0.105,0.105,3.049,0,1.367,3.365,0,0,0,0,0,0,0,0,0,0,0,0,0,0,0,0,0,0,0,0,0,0,0,0,0,0,0,0,0,0,0,0,0,0,0,0,0,0,0,0,0,0,0,0,0,0,0,0,0,0,0,0,0,0,NA,NA,NA,NA,NA,NA,NA,NA,NA,NA,NA,NA,NA,NA,NA,NA,NA,NA,NA,NA,NA,NA,NA,NA,NA,NA,NA,NA,NA,NA,NA,NA,-11.987,1.788,2.944,17.56,0.21,2021a,N872IL
31,France,10,10,2007-06-10,200706,31720,National Front,FN,70,106,999,2008,NA,NA,4.289,0,NA,0,577,1,30,,1225,0.5710000000000001,0.5710000000000001,0.5710000000000001,0.735,3.837,0,0.245,1.469,0,1.633,5.878,2.939,1.388,0.163,0.8160000000000001,0.653,0,1.714,1.633,7.755,5.224,2.694,1.633,0,0,2.367,0,2.286,0,0,1.633,0,0,1.306,0,0,4.653,2.857,1.143,3.837,0.163,1.796,0.082,11.347,0,7.51,6.939,0,0.327,0.082,1.306,1.306,0.245,6.612,0,0,0.082,0,0,0,0,0,0,0,0,0,0,0,0,0,0,0,0,0,0,0,0,0,0,0,0,0,0,0,0,0,0,0,0,0,0,0,0,0,0,0,0,0,0,0,0,0,0,0,0,0,0,0,0,0,0,NA,NA,NA,NA,NA,NA,NA,NA,NA,NA,NA,NA,NA,NA,NA,NA,NA,NA,NA,NA,NA,NA,NA,NA,NA,NA,NA,NA,NA,NA,NA,NA,28.49,1.633,6.531,4.98,0.8160000000000001,2021a,LK6FUF
31,France,10,10,2012-06-10,201206,31021,Left Front,FDG,20,106,4,2013,0.663,0.523,6.909,0,NA,10,577,8,80,2021-1,747,0,0,0,0,0,0.669,0.402,3.079,6.024,0.134,1.071,1.071,11.379,0,0,1.071,0,0.268,0.134,0.134,0,1.339,11.78,0,0,0.134,0,0,0.134,0.535,6.024,1.874,1.473,0.134,1.339,3.614,2.276,6.024,9.371,14.726,0,4.552,0,0,0,0,0.402,1.071,0.268,0.268,0.937,1.874,0,2.811,0,1.071,0.535,0,0,0,0,0,0,0,0,0,0,0,0,0,0,0,0,0,0,0,0,0,0,0,0,0,0,0,0,0,0,0,0,0,0,0,0,0,0,0,0,0,0,0,0,0,0,0,0,0,0,0,0,0,0,NA,NA,NA,NA,NA,NA,NA,NA,NA,NA,NA,NA,NA,NA,NA,NA,NA,NA,NA,NA,NA,NA,NA,NA,NA,NA,NA,NA,NA,NA,NA,NA,-47.925,13.655,0.134,24.096,1.071,2021a,RW9JSD
31,France,10,10,2012-06-10,201206,31110,Europe Ecology - The Greens,EÃ‰LV,10,106,4,2013,0.663,0.523,5.465,0,NA,17,577,1,80,2021-1,1130,0,0,0,0,0.088,1.858,0.265,3.717,7.257000000000001,0.088,0.088,1.77,6.46,0,0,2.389,0,1.504,0,0.088,0,1.062,12.212,0,0.531,0.177,0,0,0,0.088,3.274,0.088,0.354,0.442,0,1.327,14.071,3.363,5.133,13.363,0,4.071,0,0.088,0,0,0.619,5.044,0,0.088,0,2.124,0,4.336,0,1.504,1.062,0,0,0,0,0,0,0,0,0,0,0,0,0,0,0,0,0,0,0,0,0,0,0,0,0,0,0,0,0,0,0,0,0,0,0,0,0,0,0,0,0,0,0,0,0,0,0,0,0,0,0,0,0,0,NA,NA,NA,NA,NA,NA,NA,NA,NA,NA,NA,NA,NA,NA,NA,NA,NA,NA,NA,NA,NA,NA,NA,NA,NA,NA,NA,NA,NA,NA,NA,NA,-36.106,12.301,0.442,18.496,2.124,2021a,52UXX5
31,France,10,10,2012-06-10,201206,31230,Left Radical Party,PRG,20,106,4,2013,0.663,0.523,1.653,0,NA,12,577,1,80,2021-1,458,0,0,0,0,0,0,0,0.873,9.17,0,0,2.838,4.367,0,0.218,2.838,0,0,0,0.655,0,1.965,18.559,0,0,0,0,0,0,3.057,5.022,0.437,2.183,1.092,0,3.493,1.965,0,7.86,12.882,0,4.367,0,0,0,0,1.092,1.092,2.183,0,0.218,1.965,0,7.424,0.218,1.747,0.218,0,0,0,0,0,0,0,0,0,0,0,0,0,0,0,0,0,0,0,0,0,0,0,0,0,0,0,0,0,0,0,0,0,0,0,0,0,0,0,0,0,0,0,0,0,0,0,0,0,0,0,0,0,0,NA,NA,NA,NA,NA,NA,NA,NA,NA,NA,NA,NA,NA,NA,NA,NA,NA,NA,NA,NA,NA,NA,NA,NA,NA,NA,NA,NA,NA,NA,NA,NA,-35.808,18.996,1.092,20.742,0,2021a,S21DRO
31,France,10,10,2012-06-10,201206,31320,Socialist Party,PS,30,106,4,2013,0.663,0.523,29.354,0,NA,280,577,1,80,2021-1,214,0,0.467,0,0,3.271,0.467,0.935,4.673,2.336,0,0,0.935,7.477,0.467,0,2.804,0,1.402,0,0,0,4.673,12.617,0,0,0,0,0,0,0.935,5.14,0,0.935,2.336,0,0.467,3.271,5.607,6.542,11.215,0,8.879,0,0,0,0,0.467,4.206,0,0.467,0,1.402,0,2.336,0,1.402,1.869,0,0,0,0,0,0,0,0,0,0,0,0,0,0,0,0,0,0,0,0,0,0,0,0,0,0,0,0,0,0,0,0,0,0,0,0,0,0,0,0,0,0,0,0,0,0,0,0,0,0,0,0,0,0,NA,NA,NA,NA,NA,NA,NA,NA,NA,NA,NA,NA,NA,NA,NA,NA,NA,NA,NA,NA,NA,NA,NA,NA,NA,NA,NA,NA,NA,NA,NA,NA,-32.71,12.617,2.336,17.757,1.402,2021a,AX5HCN
31,France,10,10,2012-06-10,201206,31421,Radical Party,PR,40,106,4,2013,0.663,0.523,1.237,0,NA,6,577,1,80,2021-1,286,0,0,0,0,0,0,0,3.497,8.042,0,0,0,3.497,1.049,0,1.049,0,12.937,0,0.35,0,4.545,5.944,0,0,0,0,0,0,2.098,6.294,0,0,1.049,0,0,3.846,1.049,4.196,13.986,0,9.091,0,5.245,0,0,0,3.147,0,0,0,1.748,0,1.399,0,2.797,3.147,0,0,0,0,0,0,0,0,0,0,0,0,0,0,0,0,0,0,0,0,0,0,0,0,0,0,0,0,0,0,0,0,0,0,0,0,0,0,0,0,0,0,0,0,0,0,0,0,0,0,0,0,0,0,NA,NA,NA,NA,NA,NA,NA,NA,NA,NA,NA,NA,NA,NA,NA,NA,NA,NA,NA,NA,NA,NA,NA,NA,NA,NA,NA,NA,NA,NA,NA,NA,-22.378,5.944,1.049,18.182,0,2021a,CGYO29
31,France,10,10,2012-06-10,201206,31624,Democratic Movement,MoDem,60,106,4,2013,0.663,0.523,1.765,0,NA,2,577,1,80,2021-1,413,0,0,0,0,2.421,0,0.242,3.39,7.022,0,0,1.211,9.685,0,0,1.695,0,1.453,0.484,1.937,0,6.538,6.295,0,0.484,0,0,0,0,0.242,3.874,0,0.242,3.632,0,0.484,6.295,3.39,6.295,9.927,0,11.864,0,1.937,0,0.242,0,3.39,1.453,0.484,0,0.726,0,1.937,0,0.484,0.242,0,0,0,0,0,0,0,0,0,0,0,0,0,0,0,0,0,0,0,0,0,0,0,0,0,0,0,0,0,0,0,0,0,0,0,0,0,0,0,0,0,0,0,0,0,0,0,0,0,0,0,0,0,0,NA,NA,NA,NA,NA,NA,NA,NA,NA,NA,NA,NA,NA,NA,NA,NA,NA,NA,NA,NA,NA,NA,NA,NA,NA,NA,NA,NA,NA,NA,NA,NA,-19.613,6.295,3.632,16.223,0.242,2021a,XX25B4
31,France,10,10,2012-06-10,201206,31626,Union for a Popular Movement,UMP,60,106,4,2013,0.663,0.523,27.116,0,NA,194,577,1,80,2021-1,472,0,0,0,0,1.271,0,0.212,8.263,9.746,0.424,0.212,0,0.212,0,0,1.059,0.424,3.39,0,0,0,5.085,2.119,0,0.212,0.212,0,0.212,0,6.992,5.508,0,0,4.025,0,0,0.847,3.178,2.754,9.322000000000001,3.602,11.441,0,5.72,0,1.059,0,8.051,0.636,0,1.907,0,0,1.695,0,0,0.212,0,0,0,0,0,0,0,0,0,0,0,0,0,0,0,0,0,0,0,0,0,0,0,0,0,0,0,0,0,0,0,0,0,0,0,0,0,0,0,0,0,0,0,0,0,0,0,0,0,0,0,0,0,0,NA,NA,NA,NA,NA,NA,NA,NA,NA,NA,NA,NA,NA,NA,NA,NA,NA,NA,NA,NA,NA,NA,NA,NA,NA,NA,NA,NA,NA,NA,NA,NA,-2.331,2.119,4.025,12.076,0.212,2021a,TXQB92
31,France,10,10,2012-06-10,201206,31630,New Centre,NC,60,106,4,2013,0.663,0.523,2.196,0,NA,12,577,1,80,2021-1,720,0,0,0,0,0,0,0,0.278,6.944,0,0,1.667,2.083,0,0,2.917,0,3.194,0,0.556,0,6.111,2.778,0,0,0,0,0.139,0,2.917,1.944,0,0,0,0,0.139,3.889,7.778,12.639,17.5,0,12.5,0,0,0,0,0,3.75,0,0,0,0.972,0,6.111,2.222,0,0.972,0,0,0,0,0,0,0,0,0,0,0,0,0,0,0,0,0,0,0,0,0,0,0,0,0,0,0,0,0,0,0,0,0,0,0,0,0,0,0,0,0,0,0,0,0,0,0,0,0,0,0,0,0,0,NA,NA,NA,NA,NA,NA,NA,NA,NA,NA,NA,NA,NA,NA,NA,NA,NA,NA,NA,NA,NA,NA,NA,NA,NA,NA,NA,NA,NA,NA,NA,NA,-24.028,2.778,0,30.139,0,2021a,LT57AQ
31,France,10,10,2012-06-10,201206,31631,Centrist Alliance,AC,60,106,4,2013,0.663,0.523,0.601,0,NA,2,577,1,80,2021-1,72,0,0,0,0,1.389,0,0,1.389,0,0,0,1.389,19.444,0,0,4.167,0,2.778,0,6.944,1.389,5.556,13.889,0,0,0,0,0,0,6.944,8.333,0,0,5.556,0,5.556,4.167,0,1.389,2.778,0,0,0,1.389,0,0,0,0,0,0,0,2.778,0,2.778,0,0,0,0,0,0,0,0,0,0,0,0,0,0,0,0,0,0,0,0,0,0,0,0,0,0,0,0,0,0,0,0,0,0,0,0,0,0,0,0,0,0,0,0,0,0,0,0,0,0,0,0,0,0,0,0,0,NA,NA,NA,NA,NA,NA,NA,NA,NA,NA,NA,NA,NA,NA,NA,NA,NA,NA,NA,NA,NA,NA,NA,NA,NA,NA,NA,NA,NA,NA,NA,NA,-16.667,13.889,6.944,4.167,0,2021a,4C4C9I
31,France,10,10,2012-06-10,201206,31720,National Front,FN,70,106,4,2013,0.663,0.523,13.596,0,NA,2,577,1,80,2021-1,297,0,0,0,0,2.694,0,0,1.347,0,1.347,5.051,1.347,3.704,0,0,0.337,0,3.03,0,0,0,2.02,8.081,0,0,1.01,0,0,0,1.347,5.724,0,0.337,4.04,0,0,3.704,1.347,1.347,11.448,0.673,1.684,0.337,9.428,0,3.03,0,13.131,0.337,0,1.684,1.01,0,7.071,0,1.01,1.347,0,0,0,0,0,0,0,0,0,0,0,0,0,0,0,0,0,0,0,0,0,0,0,0,0,0,0,0,0,0,0,0,0,0,0,0,0,0,0,0,0,0,0,0,0,0,0,0,0,0,0,0,0,0,NA,NA,NA,NA,NA,NA,NA,NA,NA,NA,NA,NA,NA,NA,NA,NA,NA,NA,NA,NA,NA,NA,NA,NA,NA,NA,NA,NA,NA,NA,NA,NA,8.081,8.081,4.04,12.795,0,2021a,1NYXLW
31,France,10,10,2017-06-11,201706,31110,Europe Ecology - The Greens,EÃ‰LV,10,335,5,2017,0.758,0.712,4.297,0,NA,1,577,1,121,2021-1,220,1.364,0,0,0,0.909,0.909,0,2.273,1.818,0,0.455,0.909,4.091,0,0.909,0,0,1.818,0,3.636,0.455,0.455,5,0.455,0,0.455,0,0.455,0,0,5.455,1.364,0,0,0,11.818,15,2.273,6.818000000000001,5.909,0,2.727,0,3.182,0.455,0,2.273,2.727,5.909,2.273,0,3.636,0,0.455,0,0,1.364,0,0,0,0,0,0,0,0,0,0,0,0,0,0,0,0,0,0,0,0,0,0,0,0,0,0,0,0,0,0,0,0,0,0,0,0,0,0,0,0,0,0,0,0,0,0,0,0,0,0,0,0,0,0,0,0,0.455,0.455,2.727,0,0,1.364,3.636,0,0,0,0,0,0,11.818,3.182,0,0,0.455,2.727,1.364,5,0.909,2.273,0,0,0,0,0,0.455,0,-8.636000000000001,6.818000000000001,0.455,12.727,0.909,2021a,DX5A72
31,France,10,10,2017-06-11,201706,31220,French Communist Party,PCF,20,335,5,2017,0.758,0.712,2.717,0,NA,10,577,1,121,2021-1,36,0,0,0,0,0,0,0,0,0,0,0,2.778,5.556,0,0,0,0,0,0,16.667,0,0,2.778,0,0,0,0,0,2.778,0,5.556,8.333,0,0,0,8.333,0,0,8.333,0,0,0,0,2.778,0,0,0,2.778,2.778,0,0,27.778,0,2.778,0,0,0,0,0,0,0,0,0,0,0,0,0,0,0,0,0,0,0,0,0,0,0,0,0,0,0,0,0,0,0,0,0,0,0,0,0,0,0,0,0,0,0,0,0,0,0,0,0,0,0,0,0,0,0,0,0,0,0,0,2.778,2.778,0,0,2.778,13.889,2.778,0,0,0,0,0,8.333,2.778,0,0,0,2.778,0,2.778,0,0,0,0,0,0,0,2.778,0,-16.667,11.111,0,8.333,0,2021a,MVTMAS
31,France,10,10,2017-06-11,201706,31230,Left Radical Party,PRG,20,335,5,2017,0.758,0.712,0.469,0,NA,3,577,1,121,2021-1,537,3.911,0,0,0.186,2.98,0.372,0.372,0.559,5.028,0,0,2.607,4.655,0,1.117,1.676,0,7.263,0.372,1.304,0,5.214,6.518,0,0,0.559,0,1.304,1.304,0.372,4.655,0.559,0,2.421,0,2.048,2.98,1.862,4.842000000000001,4.842000000000001,0.186,6.331,0,1.117,0.186,0,4.469,4.097,0.559,0.372,0,5.587,0,3.538,0.745,0,0.931,0,0,0,0,0,0,0,0,0,0,0,0,0,0,0,0,0,0,0,0,0,0,0,0,0,0,0,0,0,0,0,0,0,0,0,0,0,0,0,0,0,0,0,0,0,0,0,0,0,0,0,0,0,0,0.186,0,1.304,1.304,4.283,0,0.372,0,0.931,0.372,0,0,0,0,0,2.048,1.117,0,0,0.186,4.097,3.911,0.559,0,0.372,0,0,0,0,0,3.538,0,-10.056,7.076000000000001,2.421,9.683,0.745,2021a,XI6ZXD
31,France,10,10,2017-06-11,201706,31240,Indomitable France,,20,335,5,2017,0.758,0.712,11.025,0,NA,17,577,1,121,2021-1,1026,3.899,0,0,0.78,0.39,0.487,2.242,3.996,0.097,1.17,2.242,2.729,3.509,0,2.047,0.487,0,2.047,1.17,2.339,0,0,6.238,0,0,2.534,0,0.195,1.267,0,2.437,2.047,2.047,0,0,5.166,8.967,1.559,7.018,3.899,0,5.361,0,3.801,0.39,0,1.267,2.339,1.072,0.195,0.39,9.552,0,0.682,0.39,0.682,0.877,0,0,0,0,0,0,0,0,0,0,0,0,0,0,0,0,0,0,0,0,0,0,0,0,0,0,0,0,0,0,0,0,0,0,0,0,0,0,0,0,0,0,0,0,0,0,0,0,0,0,0,0,0,0,0.78,0,1.462,1.267,2.144,0,0.195,1.17,1.949,0.39,0,0,0,0,0,5.166,3.801,0,0,0.39,2.339,3.411,1.072,0,0.195,0,0,0.39,0,0,0.682,0.292,-30.019,8.285,0,10.916,2.729,2021a,W4J3Y1
31,France,10,10,2017-06-11,201706,31320,Socialist Party,PS,30,335,5,2017,0.758,0.712,7.441,0,NA,30,577,1,121,2021-1,76,1.316,0,0,0,0,0,0,0,5.263,0,0,0,3.947,0,1.316,0,0,1.316,2.632,0,0,0,0,0,0,1.316,0,0,0,0,5.263,1.316,0,0,0,7.895,3.947,3.947,9.211,17.105,0,7.895,0,0,0,0,1.316,11.842,0,0,0,9.211,0,1.316,0,0,2.632,0,0,0,0,0,0,0,0,0,0,0,0,0,0,0,0,0,0,0,0,0,0,0,0,0,0,0,0,0,0,0,0,0,0,0,0,0,0,0,0,0,0,0,0,0,0,0,0,0,0,0,0,0,0,0,0,0,0,1.316,0,1.316,1.316,0,0,0,0,0,0,0,7.895,0,0,0,0,11.842,1.316,0,0,0,0,0,0,0,0,1.316,0,-28.947,1.316,0,26.316,0,2021a,8Y3RFH
31,France,10,10,2017-06-11,201706,31425,Republic Onwards!,,40,335,5,2017,0.758,0.712,28.212,0,NA,308,577,1,121,2021-1,362,0,0,0,0,1.381,0,0,0,4.696,0,0,1.105,4.144,0,0.8290000000000001,0.276,0.552,9.116,2.762,0.276,1.934,3.039,1.381,0.552,1.105,1.105,0,0,0,0.276,4.696,0,0,2.762,0,2.486,3.039,1.105,11.878,5.249,0.8290000000000001,6.906000000000001,0,4.972,0.276,0,0.276,6.354,2.21,1.934,0.8290000000000001,5.525,0,3.315,0.552,0,0.276,0,0,0,0,0,0,0,0,0,0,0,0,0,0,0,0,0,0,0,0,0,0,0,0,0,0,0,0,0,0,0,0,0,0,0,0,0,0,0,0,0,0,0,0,0,0,0,0,0,0,0,0,0,0,0,0,0.8290000000000001,0.276,1.934,0,1.381,0.8290000000000001,0.276,0,0,0,0,0,0,2.486,4.144,0.8290000000000001,0,0.276,6.354,0,1.657,0.552,1.934,0,0,0,0.8290000000000001,0,3.315,0,0,1.934,4.696,17.127,0,2021a,ZXD4H9
31,France,10,10,2017-06-11,201706,31430,Union of Democrats and Independents,UDI,40,335,5,2017,0.758,0.712,3.034,0,NA,18,577,2,121,2021-1,257,0,0,0,0,1.556,0,0,0,2.335,1.167,0.389,0.389,2.335,0.778,0,0.778,0,5.447,0.389,7.393,2.335,3.502,0.389,0,0,1.946,0,0,0,1.167,0.778,0,0,2.724,0,0.389,4.28,0.778,7.393,6.226,1.167,4.28,0,7.393,0.389,0.778,0.778,8.56,0.778,0,0.778,8.56,1.167,3.502,3.113,0.778,3.113,0,0,0,0,0,0,0,0,0,0,0,0,0,0,0,0,0,0,0,0,0,0,0,0,0,0,0,0,0,0,0,0,0,0,0,0,0,0,0,0,0,0,0,0,0,0,0,0,0,0,0,0,0,0,0,0,0,0.389,1.946,0,0,0.389,5.447,1.946,0,0,0,0,0,0.389,3.113,4.28,0,0.389,8.56,0,0.778,0,0,0,0,0.778,0,0,3.502,0,13.619,0.389,5.058,13.619,0,2021a,OCTE9L
31,France,10,10,2017-06-11,201706,31624,Democratic Movement,MoDem,60,335,5,2017,0.758,0.712,4.115,0,NA,42,577,1,121,2021-1,452,1.327,0,0,0.221,2.212,0,0.221,2.212,3.982,0,0,0.442,5.088,0,0,1.106,0,5.973,2.434,2.434,0.221,1.991,5.752,1.106,0.664,0.664,0,0.442,0.442,0.664,2.434,0.442,0,1.549,0,3.54,3.319,1.549,7.08,6.416,0,12.168,0,4.646,0,0,0.664,3.097,3.761,2.212,0,3.982,0.442,1.77,1.106,0,0.221,0,0,0,0,0,0,0,0,0,0,0,0,0,0,0,0,0,0,0,0,0,0,0,0,0,0,0,0,0,0,0,0,0,0,0,0,0,0,0,0,0,0,0,0,0,0,0,0,0,0,0,0,0,0,0.221,0,0.221,0.221,4.204,0,0.664,0.221,1.549,0,0.885,0,0,0,0,3.54,4.646,0,0,0,3.097,1.327,3.761,0,1.991,0.221,0,0,0,0,1.77,0,-17.92,7.301,1.77,13.496,0.221,2021a,U2CBSQ
31,France,10,10,2017-06-11,201706,31626,The Republicans,,60,335,5,2017,0.758,0.712,15.774,0,NA,112,577,2,121,2021-1,257,0,0,0,0,1.556,0,0,0,2.335,1.167,0.389,0.389,2.335,0.778,0,0.778,0,5.447,0.389,7.393,2.335,3.502,0.389,0,0,1.946,0,0,0,1.167,0.778,0,0,2.724,0,0.389,4.28,0.778,7.393,6.226,1.167,4.28,0,7.393,0.389,0.778,0.778,8.56,0.778,0,0.778,8.56,1.167,3.502,3.113,0.778,3.113,0,0,0,0,0,0,0,0,0,0,0,0,0,0,0,0,0,0,0,0,0,0,0,0,0,0,0,0,0,0,0,0,0,0,0,0,0,0,0,0,0,0,0,0,0,0,0,0,0,0,0,0,0,0,0,0,0,0.389,1.946,0,0,0.389,5.447,1.946,0,0,0,0,0,0.389,3.113,4.28,0,0.389,8.56,0,0.778,0,0,0,0,0.778,0,0,3.502,0,13.619,0.389,5.058,13.619,0,2021a,1XSVUV
31,France,10,10,2017-06-11,201706,31720,National Front,FN,70,335,5,2017,0.758,0.712,13.2,0,NA,8,577,1,121,2021-1,239,0,0,0,0,4.603,0,0,0.837,0,0.837,0.837,1.255,1.674,0.418,0,0.837,0,4.184,0,0,0.837,1.674,3.766,0.837,0,5.439,0,0.418,1.255,0,3.347,1.674,1.255,0.837,0,2.51,2.092,3.766,5.858000000000001,6.276,0,4.184,0,9.205,0,2.092,0.418,12.971,0,0,3.347,6.276,0,2.092,1.674,0,0.418,0,0,0,0,0,0,0,0,0,0,0,0,0,0,0,0,0,0,0,0,0,0,0,0,0,0,0,0,0,0,0,0,0,0,0,0,0,0,0,0,0,0,0,0,0,0,0,0,0,0,0,0,0,0,0,0,0.418,0.837,0.837,0,0,0.837,0,0,0,0,0,0,0,2.51,5.439,3.766,0,0,12.971,0,0,0,0,0,0,2.51,0.837,0,2.092,0,1.674,6.276,1.674,12.134,0,2021a,BHIFOG
